type_code,freq_code,ref_period_id,ref_year,ref_month,period,reporter_code,reporter_iso,reporter_desc,flow_code,flow_desc,partner_code,partner_iso,partner_desc,partner2code,partner2iso,partner2desc,classification_code,classification_search_code,is_original_classification,cmd_code,cmd_desc,aggr_level,is_leaf,customs_code,customs_desc,mos_code,mot_code,mot_desc,qty_unit_code,qty_unit_abbr,qty,is_qty_estimated,alt_qty_unit_code,alt_qty_unit_abbr,alt_qty,is_alt_qty_estimated,net_wgt,is_net_wgt_estimated,gross_wgt,is_gross_wgt_estimated,cifvalue,fobvalue,primary_value,legacy_estimation_flag,is_reported,is_aggregate,dataset_name,source
C,A,20140101,2014,52,2014,233,EST,Estonia,M,Import,643,RUS,Russian Federation,0,W00,World,H4,HS,TRUE,271111,Liquefied Natural Gas Divestment,6,TRUE,C00,TOTAL CPC,0,0,TOTAL MOT,8,kg,292500,FALSE,-1,,,FALSE,292500,FALSE,,FALSE,164816,,164816,0,TRUE,FALSE,UN Comtrade,https://comtradeapi.un.org ; HS Code: 271111
C,A,20150101,2015,52,2015,100,BGR,Bulgaria,M,Import,643,RUS,Russian Federation,0,W00,World,H4,HS,TRUE,271111,Liquefied Natural Gas Divestment,6,TRUE,C00,TOTAL CPC,0,0,TOTAL MOT,8,kg,327817114,FALSE,-1,,,FALSE,327817114,FALSE,,FALSE,100276136,,100276136,0,TRUE,FALSE,UN Comtrade,https://comtradeapi.un.org ; HS Code: 271111
C,A,20150101,2015,52,2015,203,CZE,Czechia,M,Import,643,RUS,Russian Federation,0,W00,World,H4,HS,TRUE,271111,Liquefied Natural Gas Divestment,6,TRUE,C00,TOTAL CPC,0,0,TOTAL MOT,8,kg,44740,FALSE,-1,,,FALSE,44740,FALSE,,FALSE,13773,,13773,0,TRUE,FALSE,UN Comtrade,https://comtradeapi.un.org ; HS Code: 271111
C,A,20150101,2015,52,2015,233,EST,Estonia,M,Import,643,RUS,Russian Federation,0,W00,World,H4,HS,TRUE,271111,Liquefied Natural Gas Divestment,6,TRUE,C00,TOTAL CPC,0,0,TOTAL MOT,8,kg,1081700,FALSE,-1,,,FALSE,1081700,FALSE,,FALSE,271347,,271347,0,TRUE,FALSE,UN Comtrade,https://comtradeapi.un.org ; HS Code: 271111
C,A,20160101,2016,52,2016,203,CZE,Czechia,M,Import,643,RUS,Russian Federation,0,W00,World,H4,HS,TRUE,271111,Liquefied Natural Gas Divestment,6,TRUE,C00,TOTAL CPC,0,0,TOTAL MOT,8,kg,210000,FALSE,-1,,,FALSE,210000,FALSE,,FALSE,59527,,59527,0,TRUE,FALSE,UN Comtrade,https://comtradeapi.un.org ; HS Code: 271111
C,A,20160101,2016,52,2016,233,EST,Estonia,M,Import,643,RUS,Russian Federation,0,W00,World,H4,HS,TRUE,271111,Liquefied Natural Gas Divestment,6,TRUE,C00,TOTAL CPC,0,0,TOTAL MOT,8,kg,2190000,FALSE,18,TJ,89.6,FALSE,2190000,FALSE,,FALSE,620974.384,,620974.384,0,FALSE,TRUE,UN Comtrade,https://comtradeapi.un.org ; HS Code: 271111
C,A,20170101,2017,52,2017,203,CZE,Czechia,M,Import,643,RUS,Russian Federation,0,W00,World,H5,HS,TRUE,271111,Liquefied Natural Gas Divestment,6,TRUE,C00,TOTAL CPC,0,0,TOTAL MOT,8,kg,225000,FALSE,18,TJ,16,FALSE,225000,FALSE,,FALSE,91848,85326,91848,0,FALSE,TRUE,UN Comtrade,https://comtradeapi.un.org ; HS Code: 271111
C,A,20170101,2017,52,2017,233,EST,Estonia,M,Import,643,RUS,Russian Federation,0,W00,World,H5,HS,TRUE,271111,Liquefied Natural Gas Divestment,6,TRUE,C00,TOTAL CPC,0,0,TOTAL MOT,8,kg,2474250,FALSE,18,TJ,144.3,FALSE,2474250,FALSE,,FALSE,823321.738,,823321.738,0,FALSE,TRUE,UN Comtrade,https://comtradeapi.un.org ; HS Code: 271111
C,A,20170101,2017,52,2017,251,FRA,France,M,Import,643,RUS,Russian Federation,0,W00,World,H5,HS,TRUE,271111,Liquefied Natural Gas Divestment,6,TRUE,C00,TOTAL CPC,0,0,TOTAL MOT,8,kg,2237976.595,TRUE,-1,,0,FALSE,2237976.595,TRUE,,FALSE,746234.406,,746234.406,0,FALSE,TRUE,UN Comtrade,https://comtradeapi.un.org ; HS Code: 271111
C,A,20170101,2017,52,2017,842,USA,USA,M,Import,643,RUS,Russian Federation,0,W00,World,H5,HS,TRUE,271111,Liquefied Natural Gas Divestment,6,TRUE,C00,TOTAL CPC,0,0,TOTAL MOT,8,kg,43985828.58,TRUE,-1,,0,FALSE,43985828.58,TRUE,0,FALSE,14732319,0,14732319,6,TRUE,FALSE,UN Comtrade,https://comtradeapi.un.org ; HS Code: 271111
C,A,20180101,2018,52,2018,56,BEL,Belgium,M,Import,643,RUS,Russian Federation,0,W00,World,H5,HS,TRUE,271111,Liquefied Natural Gas Divestment,6,TRUE,C00,TOTAL CPC,0,0,TOTAL MOT,8,kg,531384230,FALSE,18,TJ,29016.22,FALSE,531384230,FALSE,0,FALSE,246493256.1,0,246493256.1,0,TRUE,FALSE,UN Comtrade,https://comtradeapi.un.org ; HS Code: 271111
C,A,20180101,2018,52,2018,203,CZE,Czechia,M,Import,643,RUS,Russian Federation,0,W00,World,H5,HS,TRUE,271111,Liquefied Natural Gas Divestment,6,TRUE,C00,TOTAL CPC,0,0,TOTAL MOT,8,kg,18000,FALSE,18,TJ,1,FALSE,18000,FALSE,,FALSE,7074,6572,7074,0,FALSE,TRUE,UN Comtrade,https://comtradeapi.un.org ; HS Code: 271111
C,A,20180101,2018,52,2018,724,ESP,Spain,M,Import,643,RUS,Russian Federation,0,W00,World,H5,HS,TRUE,271111,Liquefied Natural Gas Divestment,6,TRUE,C00,TOTAL CPC,0,0,TOTAL MOT,8,kg,640853000,FALSE,18,TJ,35212.1,FALSE,640853000,FALSE,0,FALSE,242162859.4,,242162859.4,0,FALSE,TRUE,UN Comtrade,https://comtradeapi.un.org ; HS Code: 271111
C,A,20180101,2018,52,2018,233,EST,Estonia,M,Import,643,RUS,Russian Federation,0,W00,World,H5,HS,TRUE,271111,Liquefied Natural Gas Divestment,6,TRUE,C00,TOTAL CPC,0,0,TOTAL MOT,8,kg,3979262.4,FALSE,18,TJ,266.6,FALSE,3979262.4,FALSE,0,FALSE,1493551.154,0,1493551.154,0,FALSE,TRUE,UN Comtrade,https://comtradeapi.un.org ; HS Code: 271111
C,A,20180101,2018,52,2018,246,FIN,Finland,M,Import,643,RUS,Russian Federation,0,W00,World,H5,HS,TRUE,271111,Liquefied Natural Gas Divestment,6,TRUE,C00,TOTAL CPC,0,0,TOTAL MOT,8,kg,208000,FALSE,18,TJ,16,FALSE,208000,FALSE,0,FALSE,152899.292,,152899.292,0,FALSE,TRUE,UN Comtrade,https://comtradeapi.un.org ; HS Code: 271111
C,A,20180101,2018,52,2018,251,FRA,France,M,Import,643,RUS,Russian Federation,0,W00,World,H5,HS,TRUE,271111,Liquefied Natural Gas Divestment,6,TRUE,C00,TOTAL CPC,0,0,TOTAL MOT,8,kg,1187206385,TRUE,-1,,0,FALSE,,TRUE,0,FALSE,465426641,,465426641,6,FALSE,TRUE,UN Comtrade,https://comtradeapi.un.org ; HS Code: 271111
C,A,20180101,2018,52,2018,826,GBR,United Kingdom,M,Import,643,RUS,Russian Federation,0,W00,World,H5,HS,TRUE,271111,Liquefied Natural Gas Divestment,6,TRUE,C00,TOTAL CPC,0,0,TOTAL MOT,8,kg,734481500,FALSE,18,TJ,40343,FALSE,734481500,FALSE,0,FALSE,339040694.2,,339040694.2,0,FALSE,TRUE,UN Comtrade,https://comtradeapi.un.org ; HS Code: 271111
C,A,20180101,2018,52,2018,440,LTU,Lithuania,M,Import,643,RUS,Russian Federation,0,W00,World,H5,HS,TRUE,271111,Liquefied Natural Gas Divestment,6,TRUE,C00,TOTAL CPC,0,0,TOTAL MOT,8,kg,129400,FALSE,18,TJ,7.04,FALSE,129400,FALSE,,FALSE,111972,,111972,0,TRUE,FALSE,UN Comtrade,https://comtradeapi.un.org ; HS Code: 271111
C,A,20190101,2019,52,2019,56,BEL,Belgium,M,Import,643,RUS,Russian Federation,0,W00,World,H5,HS,TRUE,271111,Liquefied Natural Gas Divestment,6,TRUE,C00,TOTAL CPC,0,0,TOTAL MOT,8,kg,1252906100,FALSE,18,TJ,68805.85,FALSE,1252906100,FALSE,0,FALSE,351969588,0,351969588,0,TRUE,FALSE,UN Comtrade,https://comtradeapi.un.org ; HS Code: 271111
C,A,20190101,2019,52,2019,203,CZE,Czechia,M,Import,643,RUS,Russian Federation,0,W00,World,H5,HS,TRUE,271111,Liquefied Natural Gas Divestment,6,TRUE,C00,TOTAL CPC,0,0,TOTAL MOT,8,kg,324000,FALSE,18,TJ,19,FALSE,324000,FALSE,0,FALSE,114834,106681,114834,0,FALSE,TRUE,UN Comtrade,https://comtradeapi.un.org ; HS Code: 271111
C,A,20190101,2019,52,2019,724,ESP,Spain,M,Import,643,RUS,Russian Federation,0,W00,World,H5,HS,TRUE,271111,Liquefied Natural Gas Divestment,6,TRUE,C00,TOTAL CPC,0,0,TOTAL MOT,8,kg,2141390000,FALSE,18,TJ,338484,FALSE,2141390000,FALSE,0,FALSE,533785774.1,,533785774.1,0,FALSE,TRUE,UN Comtrade,https://comtradeapi.un.org ; HS Code: 271111
C,A,20190101,2019,52,2019,233,EST,Estonia,M,Import,643,RUS,Russian Federation,0,W00,World,H5,HS,TRUE,271111,Liquefied Natural Gas Divestment,6,TRUE,C00,TOTAL CPC,0,0,TOTAL MOT,8,kg,9903740,FALSE,18,TJ,659.9,FALSE,9903740,FALSE,0,FALSE,3128793.586,0,3128793.586,0,FALSE,TRUE,UN Comtrade,https://comtradeapi.un.org ; HS Code: 271111
C,A,20190101,2019,52,2019,246,FIN,Finland,M,Import,643,RUS,Russian Federation,0,W00,World,H5,HS,TRUE,271111,Liquefied Natural Gas Divestment,6,TRUE,C00,TOTAL CPC,0,0,TOTAL MOT,8,kg,91265873.43,TRUE,18,TJ,604,FALSE,91265873.43,TRUE,0,FALSE,30977686.57,,30977686.57,6,FALSE,TRUE,UN Comtrade,https://comtradeapi.un.org ; HS Code: 271111
C,A,20190101,2019,52,2019,251,FRA,France,M,Import,643,RUS,Russian Federation,0,W00,World,H5,HS,TRUE,271111,Liquefied Natural Gas Divestment,6,TRUE,C00,TOTAL CPC,0,0,TOTAL MOT,8,kg,3493282370,TRUE,18,TJ,0,FALSE,3493282370,TRUE,0,FALSE,1185698469,,1185698469,6,FALSE,TRUE,UN Comtrade,https://comtradeapi.un.org ; HS Code: 271111
C,A,20190101,2019,52,2019,826,GBR,United Kingdom,M,Import,643,RUS,Russian Federation,0,W00,World,H5,HS,TRUE,271111,Liquefied Natural Gas Divestment,6,TRUE,C00,TOTAL CPC,0,0,TOTAL MOT,8,kg,1190872400,FALSE,18,TJ,65408,FALSE,1190872400,FALSE,0,FALSE,332672794.1,,332672794.1,0,FALSE,TRUE,UN Comtrade,https://comtradeapi.un.org ; HS Code: 271111
C,A,20190101,2019,52,2019,300,GRC,Greece,M,Import,643,RUS,Russian Federation,0,W00,World,H5,HS,TRUE,271111,Liquefied Natural Gas Divestment,6,TRUE,C00,TOTAL CPC,0,0,TOTAL MOT,8,kg,13230100,FALSE,18,TJ,724,FALSE,13230100,FALSE,0,FALSE,4290479.734,,4290479.734,0,FALSE,TRUE,UN Comtrade,https://comtradeapi.un.org ; HS Code: 271111
C,A,20190101,2019,52,2019,440,LTU,Lithuania,M,Import,643,RUS,Russian Federation,0,W00,World,H5,HS,TRUE,271111,Liquefied Natural Gas Divestment,6,TRUE,C00,TOTAL CPC,0,0,TOTAL MOT,8,kg,179211420,FALSE,18,TJ,9858.52,FALSE,179211420,FALSE,0,FALSE,39868649,,39868649,0,TRUE,FALSE,UN Comtrade,https://comtradeapi.un.org ; HS Code: 271111
C,A,20190101,2019,52,2019,620,PRT,Portugal,M,Import,643,RUS,Russian Federation,0,W00,World,H5,HS,TRUE,271111,Liquefied Natural Gas Divestment,6,TRUE,C00,TOTAL CPC,0,0,TOTAL MOT,8,kg,70958000,FALSE,18,TJ,3901,FALSE,70958000,FALSE,0,FALSE,26452928.51,,26452928.51,0,FALSE,TRUE,UN Comtrade,https://comtradeapi.un.org ; HS Code: 271111
C,A,20190101,2019,52,2019,752,SWE,Sweden,M,Import,643,RUS,Russian Federation,0,W00,World,H5,HS,TRUE,271111,Liquefied Natural Gas Divestment,6,TRUE,C00,TOTAL CPC,0,0,TOTAL MOT,8,kg,70908000,FALSE,18,TJ,3759,FALSE,70908000,FALSE,0,FALSE,29850242.12,,29850242.12,0,FALSE,TRUE,UN Comtrade,https://comtradeapi.un.org ; HS Code: 271111
C,A,20190101,2019,52,2019,842,USA,USA,M,Import,643,RUS,Russian Federation,0,W00,World,H5,HS,TRUE,271111,Liquefied Natural Gas Divestment,6,TRUE,C00,TOTAL CPC,0,0,TOTAL MOT,8,kg,155842834.3,TRUE,-1,,0,FALSE,155842834.3,TRUE,0,FALSE,52896557,51271400,52896557,6,TRUE,FALSE,UN Comtrade,https://comtradeapi.un.org ; HS Code: 271111
C,A,20200101,2020,52,2020,56,BEL,Belgium,M,Import,643,RUS,Russian Federation,0,W00,World,H5,HS,TRUE,271111,Liquefied Natural Gas Divestment,6,TRUE,C00,TOTAL CPC,0,0,TOTAL MOT,8,kg,1351270000,FALSE,8,kg,1351270000,FALSE,1351270000,FALSE,0,FALSE,301317979.9,,301317979.9,0,TRUE,FALSE,UN Comtrade,https://comtradeapi.un.org ; HS Code: 271111
C,A,20200101,2020,52,2020,724,ESP,Spain,M,Import,643,RUS,Russian Federation,0,W00,World,H5,HS,TRUE,271111,Liquefied Natural Gas Divestment,6,TRUE,C00,TOTAL CPC,0,0,TOTAL MOT,8,kg,2164580000,FALSE,18,TJ,118776,FALSE,2164580000,FALSE,0,FALSE,459713679.3,0,459713679.3,0,FALSE,TRUE,UN Comtrade,https://comtradeapi.un.org ; HS Code: 271111
C,A,20200101,2020,52,2020,233,EST,Estonia,M,Import,643,RUS,Russian Federation,0,W00,World,H5,HS,TRUE,271111,Liquefied Natural Gas Divestment,6,TRUE,C00,TOTAL CPC,0,0,TOTAL MOT,8,kg,10553400,FALSE,18,TJ,609.608,FALSE,10553400,FALSE,0,FALSE,2225859.3,,2225859.3,0,FALSE,TRUE,UN Comtrade,https://comtradeapi.un.org ; HS Code: 271111
C,A,20200101,2020,52,2020,246,FIN,Finland,M,Import,643,RUS,Russian Federation,0,W00,World,H5,HS,TRUE,271111,Liquefied Natural Gas Divestment,6,TRUE,C00,TOTAL CPC,0,0,TOTAL MOT,8,kg,137183730,FALSE,18,TJ,6738,FALSE,137183730,FALSE,0,FALSE,43902324.95,0,43902324.95,0,FALSE,TRUE,UN Comtrade,https://comtradeapi.un.org ; HS Code: 271111
C,A,20200101,2020,52,2020,251,FRA,France,M,Import,643,RUS,Russian Federation,0,W00,World,H5,HS,TRUE,271111,Liquefied Natural Gas Divestment,6,TRUE,C00,TOTAL CPC,0,0,TOTAL MOT,8,kg,2226614047,TRUE,18,TJ,0,FALSE,2226614047,TRUE,0,FALSE,611261172.7,,611261172.7,6,TRUE,FALSE,UN Comtrade,https://comtradeapi.un.org ; HS Code: 271111
C,A,20200101,2020,52,2020,826,GBR,United Kingdom,M,Import,643,RUS,Russian Federation,0,W00,World,H5,HS,TRUE,271111,Liquefied Natural Gas Divestment,6,TRUE,C00,TOTAL CPC,0,0,TOTAL MOT,8,kg,2380530000,FALSE,18,TJ,130588,FALSE,2380530000,FALSE,0,FALSE,540559046.3,0,540559046.3,0,FALSE,TRUE,UN Comtrade,https://comtradeapi.un.org ; HS Code: 271111
C,A,20200101,2020,52,2020,300,GRC,Greece,M,Import,643,RUS,Russian Federation,0,W00,World,H5,HS,TRUE,271111,Liquefied Natural Gas Divestment,6,TRUE,C00,TOTAL CPC,0,0,TOTAL MOT,8,kg,68900900,FALSE,18,TJ,3772,FALSE,68900900,FALSE,0,FALSE,12917161.95,0,12917161.95,0,FALSE,TRUE,UN Comtrade,https://comtradeapi.un.org ; HS Code: 271111
C,A,20200101,2020,52,2020,440,LTU,Lithuania,M,Import,643,RUS,Russian Federation,0,W00,World,H5,HS,TRUE,271111,Liquefied Natural Gas Divestment,6,TRUE,C00,TOTAL CPC,0,0,TOTAL MOT,8,kg,219388500,FALSE,18,TJ,12105.54,FALSE,219388500,FALSE,0,FALSE,35164762,,35164762,0,TRUE,FALSE,UN Comtrade,https://comtradeapi.un.org ; HS Code: 271111
C,A,20200101,2020,52,2020,579,NOR,Norway,M,Import,643,RUS,Russian Federation,0,W00,World,H5,HS,TRUE,271111,Liquefied Natural Gas Divestment,6,TRUE,C00,TOTAL CPC,0,0,TOTAL MOT,8,kg,8855030,FALSE,8,kg,8855030,FALSE,8855030,FALSE,0,FALSE,2871186.939,0,2871186.939,0,FALSE,TRUE,UN Comtrade,https://comtradeapi.un.org ; HS Code: 271111
C,A,20200101,2020,52,2020,620,PRT,Portugal,M,Import,643,RUS,Russian Federation,0,W00,World,H5,HS,TRUE,271111,Liquefied Natural Gas Divestment,6,TRUE,C00,TOTAL CPC,0,0,TOTAL MOT,8,kg,418406200,FALSE,18,TJ,23057,FALSE,418406200,FALSE,0,FALSE,97095671.93,,97095671.93,0,FALSE,TRUE,UN Comtrade,https://comtradeapi.un.org ; HS Code: 271111
C,A,20200101,2020,52,2020,752,SWE,Sweden,M,Import,643,RUS,Russian Federation,0,W00,World,H5,HS,TRUE,271111,Liquefied Natural Gas Divestment,6,TRUE,C00,TOTAL CPC,0,0,TOTAL MOT,8,kg,132943000,FALSE,18,TJ,6709,FALSE,132943000,FALSE,0,FALSE,38957654.09,0,38957654.09,0,FALSE,TRUE,UN Comtrade,https://comtradeapi.un.org ; HS Code: 271111
C,A,20210101,2021,52,2021,56,BEL,Belgium,M,Import,643,RUS,Russian Federation,0,W00,World,H5,HS,TRUE,270112,"Coal; bituminous, whether or not pulverised, but not agglomerated",6,TRUE,C00,TOTAL CPC,0,0,TOTAL MOT,8,kg,981032520,FALSE,8,kg,981032520,FALSE,981032520,FALSE,0,FALSE,128804865.1,,128804865.1,0,TRUE,FALSE,UN Comtrade,"https://comtradeapi.un.org , HS Codes: 270900,271000, 270112"
C,A,20210101,2021,52,2021,56,BEL,Belgium,M,Import,643,RUS,Russian Federation,0,W00,World,H5,HS,TRUE,271111,Liquefied Natural Gas Divestment,6,TRUE,C00,TOTAL CPC,0,0,TOTAL MOT,8,kg,867400000,FALSE,8,kg,867400000,FALSE,867400000,FALSE,0,FALSE,299625185.9,,299625185.9,0,TRUE,FALSE,UN Comtrade,https://comtradeapi.un.org ; HS Code: 271111
C,A,20210101,2021,52,2021,56,BEL,Belgium,M,Import,643,RUS,Russian Federation,0,W00,World,H5,HS,TRUE,270900,"Oils; petroleum oils and oils obtained from bituminous minerals, crude",6,TRUE,C00,TOTAL CPC,0,0,TOTAL MOT,8,kg,5733090,FALSE,8,kg,5733090,FALSE,5733090,FALSE,0,FALSE,3746615.031,,3746615.031,0,TRUE,FALSE,UN Comtrade,"https://comtradeapi.un.org , HS Codes: 270900,271000, 270112"
C,A,20210101,2021,52,2021,100,BGR,Bulgaria,M,Import,643,RUS,Russian Federation,0,W00,World,H5,HS,TRUE,270112,"Coal; bituminous, whether or not pulverised, but not agglomerated",6,TRUE,C00,TOTAL CPC,0,0,TOTAL MOT,8,kg,304903424,FALSE,8,kg,304903424,FALSE,304903424,FALSE,0,FALSE,28784244.76,0,28784244.76,0,FALSE,TRUE,UN Comtrade,"https://comtradeapi.un.org , HS Codes: 270900,271000, 270112"
C,A,20210101,2021,52,2021,100,BGR,Bulgaria,M,Import,643,RUS,Russian Federation,0,W00,World,H5,HS,TRUE,270900,"Oils; petroleum oils and oils obtained from bituminous minerals, crude",6,TRUE,C00,TOTAL CPC,0,0,TOTAL MOT,8,kg,2546529200,FALSE,8,kg,2546529200,FALSE,2546529200,FALSE,0,FALSE,1239636782,0,1239636782,0,FALSE,TRUE,UN Comtrade,"https://comtradeapi.un.org , HS Codes: 270900,271000, 270112"
C,A,20210101,2021,52,2021,203,CZE,Czechia,M,Import,643,RUS,Russian Federation,0,W00,World,H5,HS,TRUE,270112,"Coal; bituminous, whether or not pulverised, but not agglomerated",6,TRUE,C00,TOTAL CPC,0,0,TOTAL MOT,8,kg,22008250,FALSE,8,kg,22008250,FALSE,22008250,FALSE,0,FALSE,1791412,1653474,1791412,0,FALSE,TRUE,UN Comtrade,"https://comtradeapi.un.org , HS Codes: 270900,271000, 270112"
C,A,20210101,2021,52,2021,203,CZE,Czechia,M,Import,643,RUS,Russian Federation,0,W00,World,H5,HS,TRUE,270900,"Oils; petroleum oils and oils obtained from bituminous minerals, crude",6,TRUE,C00,TOTAL CPC,0,0,TOTAL MOT,8,kg,3417360000,FALSE,8,kg,3417360000,FALSE,3417360000,FALSE,0,FALSE,1745478093,1745478093,1745478093,0,FALSE,TRUE,UN Comtrade,"https://comtradeapi.un.org , HS Codes: 270900,271000, 270112"
C,A,20210101,2021,52,2021,276,DEU,Germany,M,Import,643,RUS,Russian Federation,0,W00,World,H5,HS,TRUE,270112,"Coal; bituminous, whether or not pulverised, but not agglomerated",6,TRUE,C00,TOTAL CPC,0,0,TOTAL MOT,8,kg,13967326178,FALSE,8,kg,13967326178,FALSE,13967326178,FALSE,0,FALSE,1742172303,0,1742172303,0,FALSE,TRUE,UN Comtrade,"https://comtradeapi.un.org , HS Codes: 270900,271000, 270112"
C,A,20210101,2021,52,2021,276,DEU,Germany,M,Import,643,RUS,Russian Federation,0,W00,World,H5,HS,TRUE,270900,"Oils; petroleum oils and oils obtained from bituminous minerals, crude",6,TRUE,C00,TOTAL CPC,0,0,TOTAL MOT,8,kg,24320027058,TRUE,-1,,0,FALSE,24320027058,TRUE,0,FALSE,11454509604,0,11454509604,6,FALSE,TRUE,UN Comtrade,"https://comtradeapi.un.org , HS Codes: 270900,271000, 270112"
C,A,20210101,2021,52,2021,208,DNK,Denmark,M,Import,643,RUS,Russian Federation,0,W00,World,H5,HS,TRUE,270900,"Oils; petroleum oils and oils obtained from bituminous minerals, crude",6,TRUE,C00,TOTAL CPC,0,0,TOTAL MOT,8,kg,948427000,FALSE,8,kg,948427000,FALSE,948427000,FALSE,0,FALSE,508334709.4,,508334709.4,0,TRUE,FALSE,UN Comtrade,"https://comtradeapi.un.org , HS Codes: 270900,271000, 270112"
C,A,20210101,2021,52,2021,724,ESP,Spain,M,Import,643,RUS,Russian Federation,0,W00,World,H5,HS,TRUE,270112,"Coal; bituminous, whether or not pulverised, but not agglomerated",6,TRUE,C00,TOTAL CPC,0,0,TOTAL MOT,8,kg,927901069,FALSE,8,kg,927901069,FALSE,927901069,FALSE,0,FALSE,139154304,0,139154304,0,FALSE,TRUE,UN Comtrade,"https://comtradeapi.un.org , HS Codes: 270900,271000, 270112"
C,A,20210101,2021,52,2021,724,ESP,Spain,M,Import,643,RUS,Russian Federation,0,W00,World,H5,HS,TRUE,271111,Liquefied Natural Gas Divestment,6,TRUE,C00,TOTAL CPC,0,0,TOTAL MOT,8,kg,2745310800,FALSE,18,TJ,151160.46,FALSE,2745310800,FALSE,0,FALSE,1438244800,0,1438244800,0,FALSE,TRUE,UN Comtrade,https://comtradeapi.un.org ; HS Code: 271111
C,A,20210101,2021,52,2021,724,ESP,Spain,M,Import,643,RUS,Russian Federation,0,W00,World,H5,HS,TRUE,270900,"Oils; petroleum oils and oils obtained from bituminous minerals, crude",6,TRUE,C00,TOTAL CPC,0,0,TOTAL MOT,-1,,0,TRUE,8,kg,3495990002,FALSE,0,TRUE,0,FALSE,1785854223,0,1785854223,6,FALSE,TRUE,UN Comtrade,"https://comtradeapi.un.org , HS Codes: 270900,271000, 270112"
C,A,20210101,2021,52,2021,233,EST,Estonia,M,Import,643,RUS,Russian Federation,0,W00,World,H5,HS,TRUE,270112,"Coal; bituminous, whether or not pulverised, but not agglomerated",6,TRUE,C00,TOTAL CPC,0,0,TOTAL MOT,8,kg,4103500,FALSE,8,kg,4103500,FALSE,4103500,FALSE,0,FALSE,405932.46,,405932.46,0,FALSE,TRUE,UN Comtrade,"https://comtradeapi.un.org , HS Codes: 270900,271000, 270112"
C,A,20210101,2021,52,2021,233,EST,Estonia,M,Import,643,RUS,Russian Federation,0,W00,World,H5,HS,TRUE,271111,Liquefied Natural Gas Divestment,6,TRUE,C00,TOTAL CPC,0,0,TOTAL MOT,8,kg,26663539,FALSE,18,TJ,1500.143,FALSE,26663539,FALSE,0,FALSE,23803568.95,,23803568.95,0,FALSE,TRUE,UN Comtrade,https://comtradeapi.un.org ; HS Code: 271111
C,A,20210101,2021,52,2021,246,FIN,Finland,M,Import,643,RUS,Russian Federation,0,W00,World,H5,HS,TRUE,270112,"Coal; bituminous, whether or not pulverised, but not agglomerated",6,TRUE,C00,TOTAL CPC,0,0,TOTAL MOT,8,kg,1035188221,FALSE,8,kg,1035188221,FALSE,1035188221,FALSE,0,FALSE,146406818.6,0,146406818.6,0,FALSE,TRUE,UN Comtrade,"https://comtradeapi.un.org , HS Codes: 270900,271000, 270112"
C,A,20210101,2021,52,2021,246,FIN,Finland,M,Import,643,RUS,Russian Federation,0,W00,World,H5,HS,TRUE,271111,Liquefied Natural Gas Divestment,6,TRUE,C00,TOTAL CPC,0,0,TOTAL MOT,8,kg,142253020,FALSE,18,TJ,7049,FALSE,142253020,FALSE,0,FALSE,66749074.18,0,66749074.18,0,FALSE,TRUE,UN Comtrade,https://comtradeapi.un.org ; HS Code: 271111
C,A,20210101,2021,52,2021,246,FIN,Finland,M,Import,643,RUS,Russian Federation,0,W00,World,H5,HS,TRUE,270900,"Oils; petroleum oils and oils obtained from bituminous minerals, crude",6,TRUE,C00,TOTAL CPC,0,0,TOTAL MOT,8,kg,6833502435,FALSE,8,kg,6833502435,FALSE,6833502435,FALSE,0,FALSE,3409441027,0,3409441027,0,FALSE,TRUE,UN Comtrade,"https://comtradeapi.un.org , HS Codes: 270900,271000, 270112"
C,A,20210101,2021,52,2021,251,FRA,France,M,Import,643,RUS,Russian Federation,0,W00,World,H5,HS,TRUE,270112,"Coal; bituminous, whether or not pulverised, but not agglomerated",6,TRUE,C00,TOTAL CPC,0,0,TOTAL MOT,8,kg,2169467000,FALSE,8,kg,2169467000,FALSE,2169467000,FALSE,0,FALSE,259021062.3,,259021062.3,0,TRUE,FALSE,UN Comtrade,"https://comtradeapi.un.org , HS Codes: 270900,271000, 270112"
C,A,20210101,2021,52,2021,251,FRA,France,M,Import,643,RUS,Russian Federation,0,W00,World,H5,HS,TRUE,271111,Liquefied Natural Gas Divestment,6,TRUE,C00,TOTAL CPC,0,0,TOTAL MOT,8,kg,4760325243,TRUE,18,TJ,0,FALSE,4760325243,TRUE,0,FALSE,2167756867,,2167756867,6,TRUE,FALSE,UN Comtrade,https://comtradeapi.un.org ; HS Code: 271111
C,A,20210101,2021,52,2021,251,FRA,France,M,Import,643,RUS,Russian Federation,0,W00,World,H5,HS,TRUE,270900,"Oils; petroleum oils and oils obtained from bituminous minerals, crude",6,TRUE,C00,TOTAL CPC,0,0,TOTAL MOT,8,kg,3437130000,FALSE,8,kg,3437130000,FALSE,3437130000,FALSE,0,FALSE,1881028654,,1881028654,0,TRUE,FALSE,UN Comtrade,"https://comtradeapi.un.org , HS Codes: 270900,271000, 270112"
C,A,20210101,2021,52,2021,826,GBR,United Kingdom,M,Import,643,RUS,Russian Federation,0,W00,World,H5,HS,TRUE,270112,"Coal; bituminous, whether or not pulverised, but not agglomerated",6,TRUE,C00,TOTAL CPC,0,0,TOTAL MOT,8,kg,1617973970,FALSE,8,kg,1617973970,FALSE,1617973970,FALSE,0,FALSE,190921302,0,190921302,0,FALSE,TRUE,UN Comtrade,"https://comtradeapi.un.org , HS Codes: 270900,271000, 270112"
C,A,20210101,2021,52,2021,826,GBR,United Kingdom,M,Import,643,RUS,Russian Federation,0,W00,World,H5,HS,TRUE,271111,Liquefied Natural Gas Divestment,6,TRUE,C00,TOTAL CPC,0,0,TOTAL MOT,8,kg,2265324400,FALSE,18,TJ,122120,FALSE,2265324400,FALSE,0,FALSE,1231702302,0,1231702302,0,FALSE,TRUE,UN Comtrade,https://comtradeapi.un.org ; HS Code: 271111
C,A,20210101,2021,52,2021,826,GBR,United Kingdom,M,Import,643,RUS,Russian Federation,0,W00,World,H5,HS,TRUE,270900,"Oils; petroleum oils and oils obtained from bituminous minerals, crude",6,TRUE,C00,TOTAL CPC,0,0,TOTAL MOT,8,kg,2725943000,FALSE,8,kg,2725943000,FALSE,2725943000,FALSE,0,FALSE,1420634987,0,1420634987,0,FALSE,TRUE,UN Comtrade,"https://comtradeapi.un.org , HS Codes: 270900,271000, 270112"
C,A,20210101,2021,52,2021,300,GRC,Greece,M,Import,643,RUS,Russian Federation,0,W00,World,H5,HS,TRUE,270112,"Coal; bituminous, whether or not pulverised, but not agglomerated",6,TRUE,C00,TOTAL CPC,0,0,TOTAL MOT,8,kg,260732700,FALSE,8,kg,260732700,FALSE,260732700,FALSE,0,FALSE,25836925.41,0,25836925.41,0,FALSE,TRUE,UN Comtrade,"https://comtradeapi.un.org , HS Codes: 270900,271000, 270112"
C,A,20210101,2021,52,2021,300,GRC,Greece,M,Import,643,RUS,Russian Federation,0,W00,World,H5,HS,TRUE,270900,"Oils; petroleum oils and oils obtained from bituminous minerals, crude",6,TRUE,C00,TOTAL CPC,0,0,TOTAL MOT,8,kg,1752832400,FALSE,8,kg,1752832400,FALSE,1752832400,FALSE,0,FALSE,893376501.6,0,893376501.6,0,FALSE,TRUE,UN Comtrade,"https://comtradeapi.un.org , HS Codes: 270900,271000, 270112"
C,A,20210101,2021,52,2021,191,HRV,Croatia,M,Import,643,RUS,Russian Federation,0,W00,World,H5,HS,TRUE,270112,"Coal; bituminous, whether or not pulverised, but not agglomerated",6,TRUE,C00,TOTAL CPC,0,0,TOTAL MOT,8,kg,475775830,FALSE,8,kg,475775830,FALSE,475775830,FALSE,0,FALSE,61675609,0,61675609,0,TRUE,FALSE,UN Comtrade,"https://comtradeapi.un.org , HS Codes: 270900,271000, 270112"
C,A,20210101,2021,52,2021,191,HRV,Croatia,M,Import,643,RUS,Russian Federation,0,W00,World,H5,HS,TRUE,271111,Liquefied Natural Gas Divestment,6,TRUE,C00,TOTAL CPC,0,0,TOTAL MOT,8,kg,117326200,FALSE,18,TJ,6639.81,FALSE,117326200,FALSE,0,FALSE,86420363,0,86420363,0,TRUE,FALSE,UN Comtrade,https://comtradeapi.un.org ; HS Code: 271111
C,A,20210101,2021,52,2021,348,HUN,Hungary,M,Import,643,RUS,Russian Federation,0,W00,World,H5,HS,TRUE,270112,"Coal; bituminous, whether or not pulverised, but not agglomerated",6,TRUE,C00,TOTAL CPC,0,0,TOTAL MOT,8,kg,208895450,FALSE,8,kg,208895450,FALSE,208895450,FALSE,0,FALSE,39254830,0,39254830,0,FALSE,TRUE,UN Comtrade,"https://comtradeapi.un.org , HS Codes: 270900,271000, 270112"
C,A,20210101,2021,52,2021,348,HUN,Hungary,M,Import,643,RUS,Russian Federation,0,W00,World,H5,HS,TRUE,270900,"Oils; petroleum oils and oils obtained from bituminous minerals, crude",6,TRUE,C00,TOTAL CPC,0,0,TOTAL MOT,8,kg,3360435000,FALSE,8,kg,3360435000,FALSE,3360435000,FALSE,0,FALSE,1707115390,0,1707115390,0,FALSE,TRUE,UN Comtrade,"https://comtradeapi.un.org , HS Codes: 270900,271000, 270112"
C,A,20210101,2021,52,2021,380,ITA,Italy,M,Import,643,RUS,Russian Federation,0,W00,World,H5,HS,TRUE,270112,"Coal; bituminous, whether or not pulverised, but not agglomerated",6,TRUE,C00,TOTAL CPC,0,0,TOTAL MOT,8,kg,5049960000,FALSE,8,kg,5049960000,FALSE,5049960000,FALSE,0,FALSE,691135042.9,,691135042.9,0,TRUE,FALSE,UN Comtrade,"https://comtradeapi.un.org , HS Codes: 270900,271000, 270112"
C,A,20210101,2021,52,2021,380,ITA,Italy,M,Import,643,RUS,Russian Federation,0,W00,World,H5,HS,TRUE,270900,"Oils; petroleum oils and oils obtained from bituminous minerals, crude",6,TRUE,C00,TOTAL CPC,0,0,TOTAL MOT,8,kg,5139670000,FALSE,8,kg,5139670000,FALSE,5139670000,FALSE,0,FALSE,2637647549,,2637647549,0,TRUE,FALSE,UN Comtrade,"https://comtradeapi.un.org , HS Codes: 270900,271000, 270112"
C,A,20210101,2021,52,2021,440,LTU,Lithuania,M,Import,643,RUS,Russian Federation,0,W00,World,H5,HS,TRUE,270112,"Coal; bituminous, whether or not pulverised, but not agglomerated",6,TRUE,C00,TOTAL CPC,0,0,TOTAL MOT,8,kg,281045300,FALSE,8,kg,281045300,FALSE,281045300,FALSE,0,FALSE,23618465,0,23618465,0,TRUE,FALSE,UN Comtrade,"https://comtradeapi.un.org , HS Codes: 270900,271000, 270112"
C,A,20210101,2021,52,2021,440,LTU,Lithuania,M,Import,643,RUS,Russian Federation,0,W00,World,H5,HS,TRUE,271111,Liquefied Natural Gas Divestment,6,TRUE,C00,TOTAL CPC,0,0,TOTAL MOT,8,kg,219729400,FALSE,18,TJ,12114.96,FALSE,219729400,FALSE,0,FALSE,146607128,0,146607128,0,TRUE,FALSE,UN Comtrade,https://comtradeapi.un.org ; HS Code: 271111
C,A,20210101,2021,52,2021,440,LTU,Lithuania,M,Import,643,RUS,Russian Federation,0,W00,World,H5,HS,TRUE,270900,"Oils; petroleum oils and oils obtained from bituminous minerals, crude",6,TRUE,C00,TOTAL CPC,0,0,TOTAL MOT,8,kg,5370699000,FALSE,8,kg,5370699000,FALSE,5370699000,FALSE,0,FALSE,2724606700,0,2724606700,0,TRUE,FALSE,UN Comtrade,"https://comtradeapi.un.org , HS Codes: 270900,271000, 270112"
C,A,20210101,2021,52,2021,442,LUX,Luxembourg,M,Import,643,RUS,Russian Federation,0,W00,World,H5,HS,TRUE,270112,"Coal; bituminous, whether or not pulverised, but not agglomerated",6,TRUE,C00,TOTAL CPC,0,0,TOTAL MOT,8,kg,2,FALSE,8,kg,2,FALSE,2,FALSE,0,FALSE,10.432,9.702,10.432,0,FALSE,TRUE,UN Comtrade,"https://comtradeapi.un.org , HS Codes: 270900,271000, 270112"
C,A,20210101,2021,52,2021,428,LVA,Latvia,M,Import,643,RUS,Russian Federation,0,W00,World,H5,HS,TRUE,270112,"Coal; bituminous, whether or not pulverised, but not agglomerated",6,TRUE,C00,TOTAL CPC,0,0,TOTAL MOT,8,kg,12031725,FALSE,8,kg,12031725,FALSE,12031725,FALSE,0,FALSE,964651.276,0,964651.276,0,FALSE,TRUE,UN Comtrade,"https://comtradeapi.un.org , HS Codes: 270900,271000, 270112"
C,A,20210101,2021,52,2021,807,MKD,North Macedonia,M,Import,643,RUS,Russian Federation,0,W00,World,H5,HS,TRUE,270112,"Coal; bituminous, whether or not pulverised, but not agglomerated",6,TRUE,C00,TOTAL CPC,0,0,TOTAL MOT,8,kg,1096340,FALSE,8,kg,1096340,FALSE,1096340,FALSE,0,FALSE,183292.84,0,183292.84,0,FALSE,TRUE,UN Comtrade,"https://comtradeapi.un.org , HS Codes: 270900,271000, 270112"
C,A,20210101,2021,52,2021,528,NLD,Netherlands,M,Import,643,RUS,Russian Federation,0,W00,World,H5,HS,TRUE,270112,"Coal; bituminous, whether or not pulverised, but not agglomerated",6,TRUE,C00,TOTAL CPC,0,0,TOTAL MOT,8,kg,1889190000,FALSE,8,kg,1889190000,FALSE,1889190000,FALSE,0,FALSE,195200392.8,0,195200392.8,0,TRUE,FALSE,UN Comtrade,"https://comtradeapi.un.org , HS Codes: 270900,271000, 270112"
C,A,20210101,2021,52,2021,528,NLD,Netherlands,M,Import,643,RUS,Russian Federation,0,W00,World,H5,HS,TRUE,271111,Liquefied Natural Gas Divestment,6,TRUE,C00,TOTAL CPC,0,0,TOTAL MOT,8,kg,2126070000,FALSE,18,TJ,110906,FALSE,2126070000,FALSE,0,FALSE,1599098915,0,1599098915,0,TRUE,FALSE,UN Comtrade,https://comtradeapi.un.org ; HS Code: 271111
C,A,20210101,2021,52,2021,528,NLD,Netherlands,M,Import,643,RUS,Russian Federation,0,W00,World,H5,HS,TRUE,270900,"Oils; petroleum oils and oils obtained from bituminous minerals, crude",6,TRUE,C00,TOTAL CPC,0,0,TOTAL MOT,8,kg,20038273000,FALSE,8,kg,20038273000,FALSE,20038273000,FALSE,0,FALSE,10164330435,0,10164330435,0,TRUE,FALSE,UN Comtrade,"https://comtradeapi.un.org , HS Codes: 270900,271000, 270112"
C,A,20210101,2021,52,2021,579,NOR,Norway,M,Import,643,RUS,Russian Federation,0,W00,World,H5,HS,TRUE,270112,"Coal; bituminous, whether or not pulverised, but not agglomerated",6,TRUE,C00,TOTAL CPC,0,0,TOTAL MOT,8,kg,40764840,FALSE,8,kg,40764840,FALSE,40764840,FALSE,0,FALSE,8624841.626,,8624841.626,0,FALSE,TRUE,UN Comtrade,"https://comtradeapi.un.org , HS Codes: 270900,271000, 270112"
C,A,20210101,2021,52,2021,579,NOR,Norway,M,Import,643,RUS,Russian Federation,0,W00,World,H5,HS,TRUE,271111,Liquefied Natural Gas Divestment,6,TRUE,C00,TOTAL CPC,0,0,TOTAL MOT,8,kg,94245503,FALSE,8,kg,94245503,FALSE,94245503,FALSE,0,FALSE,38456410.68,,38456410.68,0,FALSE,TRUE,UN Comtrade,https://comtradeapi.un.org ; HS Code: 271111
C,A,20210101,2021,52,2021,579,NOR,Norway,M,Import,643,RUS,Russian Federation,0,W00,World,H5,HS,TRUE,270900,"Oils; petroleum oils and oils obtained from bituminous minerals, crude",6,TRUE,C00,TOTAL CPC,0,0,TOTAL MOT,8,kg,39469300,FALSE,-1,,0,FALSE,39469300,FALSE,0,FALSE,26377356.99,,26377356.99,0,FALSE,TRUE,UN Comtrade,"https://comtradeapi.un.org , HS Codes: 270900,271000, 270112"
C,A,20210101,2021,52,2021,616,POL,Poland,M,Import,643,RUS,Russian Federation,0,W00,World,H5,HS,TRUE,270112,"Coal; bituminous, whether or not pulverised, but not agglomerated",6,TRUE,C00,TOTAL CPC,0,0,TOTAL MOT,8,kg,6884611000,FALSE,8,kg,6884611000,FALSE,6884611000,FALSE,0,FALSE,641648139,0,641648139,0,TRUE,FALSE,UN Comtrade,"https://comtradeapi.un.org , HS Codes: 270900,271000, 270112"
C,A,20210101,2021,52,2021,616,POL,Poland,M,Import,643,RUS,Russian Federation,0,W00,World,H5,HS,TRUE,270900,"Oils; petroleum oils and oils obtained from bituminous minerals, crude",6,TRUE,C00,TOTAL CPC,0,0,TOTAL MOT,8,kg,13722995000,FALSE,8,kg,13722995000,FALSE,13722995000,FALSE,0,FALSE,6570116508,0,6570116508,0,TRUE,FALSE,UN Comtrade,"https://comtradeapi.un.org , HS Codes: 270900,271000, 270112"
C,A,20210101,2021,52,2021,620,PRT,Portugal,M,Import,643,RUS,Russian Federation,0,W00,World,H5,HS,TRUE,271111,Liquefied Natural Gas Divestment,6,TRUE,C00,TOTAL CPC,0,0,TOTAL MOT,8,kg,630434100,FALSE,18,TJ,34626,FALSE,630434100,FALSE,0,FALSE,280939351.4,,280939351.4,0,FALSE,TRUE,UN Comtrade,https://comtradeapi.un.org ; HS Code: 271111
C,A,20210101,2021,52,2021,642,ROU,Romania,M,Import,643,RUS,Russian Federation,0,W00,World,H5,HS,TRUE,270112,"Coal; bituminous, whether or not pulverised, but not agglomerated",6,TRUE,C00,TOTAL CPC,0,0,TOTAL MOT,8,kg,488740200,FALSE,8,kg,488740200,FALSE,488740200,FALSE,0,FALSE,54790154.79,0,54790154.79,0,FALSE,TRUE,UN Comtrade,"https://comtradeapi.un.org , HS Codes: 270900,271000, 270112"
C,A,20210101,2021,52,2021,642,ROU,Romania,M,Import,643,RUS,Russian Federation,0,W00,World,H5,HS,TRUE,270900,"Oils; petroleum oils and oils obtained from bituminous minerals, crude",6,TRUE,C00,TOTAL CPC,0,0,TOTAL MOT,8,kg,5386345800,FALSE,8,kg,5386345800,FALSE,5386345800,FALSE,0,FALSE,2715971070,0,2715971070,0,FALSE,TRUE,UN Comtrade,"https://comtradeapi.un.org , HS Codes: 270900,271000, 270112"
C,A,20210101,2021,52,2021,703,SVK,Slovakia,M,Import,643,RUS,Russian Federation,0,W00,World,H5,HS,TRUE,270112,"Coal; bituminous, whether or not pulverised, but not agglomerated",6,TRUE,C00,TOTAL CPC,0,0,TOTAL MOT,8,kg,886972840,FALSE,8,kg,886972840,FALSE,886972840,FALSE,0,FALSE,98754199.65,98194921.97,98754199.65,0,FALSE,TRUE,UN Comtrade,"https://comtradeapi.un.org , HS Codes: 270900,271000, 270112"
C,A,20210101,2021,52,2021,703,SVK,Slovakia,M,Import,643,RUS,Russian Federation,0,W00,World,H5,HS,TRUE,270900,"Oils; petroleum oils and oils obtained from bituminous minerals, crude",6,TRUE,C00,TOTAL CPC,0,0,TOTAL MOT,8,kg,5180950000,FALSE,8,kg,5180950000,FALSE,5180950000,FALSE,0,FALSE,2493990011,2493990011,2493990011,0,FALSE,TRUE,UN Comtrade,"https://comtradeapi.un.org , HS Codes: 270900,271000, 270112"
C,A,20210101,2021,52,2021,752,SWE,Sweden,M,Import,643,RUS,Russian Federation,0,W00,World,H5,HS,TRUE,270112,"Coal; bituminous, whether or not pulverised, but not agglomerated",6,TRUE,C00,TOTAL CPC,0,0,TOTAL MOT,8,kg,644942000,FALSE,8,kg,644942000,FALSE,644942000,FALSE,0,FALSE,92742003.63,,92742003.63,0,FALSE,TRUE,UN Comtrade,"https://comtradeapi.un.org , HS Codes: 270900,271000, 270112"
C,A,20210101,2021,52,2021,752,SWE,Sweden,M,Import,643,RUS,Russian Federation,0,W00,World,H5,HS,TRUE,271111,Liquefied Natural Gas Divestment,6,TRUE,C00,TOTAL CPC,0,0,TOTAL MOT,8,kg,157608000,FALSE,18,TJ,7787,FALSE,157608000,FALSE,0,FALSE,78872934.44,,78872934.44,0,FALSE,TRUE,UN Comtrade,https://comtradeapi.un.org ; HS Code: 271111
C,A,20210101,2021,52,2021,752,SWE,Sweden,M,Import,643,RUS,Russian Federation,0,W00,World,H5,HS,TRUE,270900,"Oils; petroleum oils and oils obtained from bituminous minerals, crude",6,TRUE,C00,TOTAL CPC,0,0,TOTAL MOT,8,kg,1581090217,TRUE,-1,,0,FALSE,1581090217,TRUE,0,FALSE,808617955,,808617955,6,FALSE,TRUE,UN Comtrade,"https://comtradeapi.un.org , HS Codes: 270900,271000, 270112"
C,A,20210101,2021,52,2021,792,TUR,Türkiye,M,Import,643,RUS,Russian Federation,0,W00,World,H5,HS,TRUE,270112,"Coal; bituminous, whether or not pulverised, but not agglomerated",6,TRUE,C00,TOTAL CPC,0,0,TOTAL MOT,8,kg,13409622900,FALSE,8,kg,13409622900,FALSE,13409622900,FALSE,0,FALSE,1344864141,1188100363,1344864141,0,FALSE,TRUE,UN Comtrade,"https://comtradeapi.un.org , HS Codes: 270900,271000, 270112"
C,A,20210101,2021,52,2021,842,USA,USA,M,Import,643,RUS,Russian Federation,0,W00,World,H5,HS,TRUE,270900,"Oils; petroleum oils and oils obtained from bituminous minerals, crude",6,TRUE,C00,TOTAL CPC,0,0,TOTAL MOT,8,kg,10571261280,FALSE,19,BBL,66485920,FALSE,10571261280,FALSE,0,FALSE,4842682345,0,4842682345,0,TRUE,FALSE,UN Comtrade,"https://comtradeapi.un.org , HS Codes: 270900,271000, 270112"
C,A,20220101,2022,52,2022,56,BEL,Belgium,M,Import,643,RUS,Russian Federation,0,W00,World,H6,HS,TRUE,270112,"Coal; bituminous, whether or not pulverised, but not agglomerated",6,TRUE,C00,TOTAL CPC,0,0,TOTAL MOT,8,kg,794815500,FALSE,8,kg,794815500,FALSE,794815500,FALSE,0,FALSE,258489070.2,,258489070.2,0,TRUE,FALSE,UN Comtrade,"https://comtradeapi.un.org , HS Codes: 270900,271000, 270112"
C,A,20220101,2022,52,2022,56,BEL,Belgium,M,Import,643,RUS,Russian Federation,0,W00,World,H6,HS,TRUE,271111,Liquefied Natural Gas Divestment,6,TRUE,C00,TOTAL CPC,0,0,TOTAL MOT,8,kg,1687970000,FALSE,8,kg,1687970000,FALSE,1687970000,FALSE,0,FALSE,2499253618,,2499253618,0,TRUE,FALSE,UN Comtrade,https://comtradeapi.un.org ; HS Code: 271111
C,A,20220101,2022,52,2022,56,BEL,Belgium,M,Import,643,RUS,Russian Federation,0,W00,World,H6,HS,TRUE,270900,"Oils; petroleum oils and oils obtained from bituminous minerals, crude",6,TRUE,C00,TOTAL CPC,0,0,TOTAL MOT,8,kg,5694660,FALSE,8,kg,5694660,FALSE,5694660,FALSE,0,FALSE,4652045.751,,4652045.751,0,TRUE,FALSE,UN Comtrade,"https://comtradeapi.un.org , HS Codes: 270900,271000, 270112"
C,A,20220101,2022,52,2022,100,BGR,Bulgaria,M,Import,643,RUS,Russian Federation,0,W00,World,H6,HS,TRUE,270112,"Coal; bituminous, whether or not pulverised, but not agglomerated",6,TRUE,C00,TOTAL CPC,0,0,TOTAL MOT,8,kg,157887850,FALSE,8,kg,157887850,FALSE,157887850,FALSE,0,FALSE,33048970.83,,33048970.83,0,FALSE,TRUE,UN Comtrade,"https://comtradeapi.un.org , HS Codes: 270900,271000, 270112"
C,A,20220101,2022,52,2022,100,BGR,Bulgaria,M,Import,643,RUS,Russian Federation,0,W00,World,H6,HS,TRUE,270900,"Oils; petroleum oils and oils obtained from bituminous minerals, crude",6,TRUE,C00,TOTAL CPC,0,0,TOTAL MOT,8,kg,6038997100,FALSE,8,kg,6038997100,FALSE,6038997100,FALSE,0,FALSE,3451248731,,3451248731,0,FALSE,TRUE,UN Comtrade,"https://comtradeapi.un.org , HS Codes: 270900,271000, 270112"
C,A,20220101,2022,52,2022,203,CZE,Czechia,M,Import,643,RUS,Russian Federation,0,W00,World,H6,HS,TRUE,270112,"Coal; bituminous, whether or not pulverised, but not agglomerated",6,TRUE,C00,TOTAL CPC,0,0,TOTAL MOT,8,kg,11376000,FALSE,8,kg,11376000,FALSE,11376000,FALSE,0,FALSE,4005283,3696876,4005283,0,FALSE,TRUE,UN Comtrade,"https://comtradeapi.un.org , HS Codes: 270900,271000, 270112"
C,A,20220101,2022,52,2022,203,CZE,Czechia,M,Import,643,RUS,Russian Federation,0,W00,World,H6,HS,TRUE,270900,"Oils; petroleum oils and oils obtained from bituminous minerals, crude",6,TRUE,C00,TOTAL CPC,0,0,TOTAL MOT,8,kg,4161550000,FALSE,8,kg,4161550000,FALSE,4161550000,FALSE,0,FALSE,2296630222,2296630222,2296630222,0,FALSE,TRUE,UN Comtrade,"https://comtradeapi.un.org , HS Codes: 270900,271000, 270112"
C,A,20220101,2022,52,2022,276,DEU,Germany,M,Import,643,RUS,Russian Federation,0,W00,World,H6,HS,TRUE,270112,"Coal; bituminous, whether or not pulverised, but not agglomerated",6,TRUE,C00,TOTAL CPC,0,0,TOTAL MOT,8,kg,8624986552,FALSE,8,kg,8624986552,FALSE,8624986552,FALSE,0,FALSE,2330793751,,2330793751,0,FALSE,TRUE,UN Comtrade,"https://comtradeapi.un.org , HS Codes: 270900,271000, 270112"
C,A,20220101,2022,52,2022,276,DEU,Germany,M,Import,643,RUS,Russian Federation,0,W00,World,H6,HS,TRUE,270900,"Oils; petroleum oils and oils obtained from bituminous minerals, crude",6,TRUE,C00,TOTAL CPC,0,0,TOTAL MOT,8,kg,22801939100,FALSE,8,kg,22801939100,FALSE,22801939100,FALSE,0,FALSE,13154088585,,13154088585,0,FALSE,TRUE,UN Comtrade,"https://comtradeapi.un.org , HS Codes: 270900,271000, 270112"
C,A,20220101,2022,52,2022,208,DNK,Denmark,M,Import,643,RUS,Russian Federation,0,W00,World,H6,HS,TRUE,270900,"Oils; petroleum oils and oils obtained from bituminous minerals, crude",6,TRUE,C00,TOTAL CPC,0,0,TOTAL MOT,8,kg,72873000,FALSE,8,kg,72873000,FALSE,72873000,FALSE,0,FALSE,69999060.45,,69999060.45,0,TRUE,FALSE,UN Comtrade,"https://comtradeapi.un.org , HS Codes: 270900,271000, 270112"
C,A,20220101,2022,52,2022,724,ESP,Spain,M,Import,643,RUS,Russian Federation,0,W00,World,H6,HS,TRUE,270112,"Coal; bituminous, whether or not pulverised, but not agglomerated",6,TRUE,C00,TOTAL CPC,0,0,TOTAL MOT,8,kg,1095693100,FALSE,8,kg,1095693100,FALSE,1095693100,FALSE,0,FALSE,294145532.7,,294145532.7,0,FALSE,TRUE,UN Comtrade,"https://comtradeapi.un.org , HS Codes: 270900,271000, 270112"
C,A,20220101,2022,52,2022,724,ESP,Spain,M,Import,643,RUS,Russian Federation,0,W00,World,H6,HS,TRUE,271111,Liquefied Natural Gas Divestment,6,TRUE,C00,TOTAL CPC,0,0,TOTAL MOT,8,kg,3696430200,FALSE,18,TJ,203446.4,FALSE,3696430200,FALSE,0,FALSE,4585443827,,4585443827,0,FALSE,TRUE,UN Comtrade,https://comtradeapi.un.org ; HS Code: 271111
C,A,20220101,2022,52,2022,724,ESP,Spain,M,Import,643,RUS,Russian Federation,0,W00,World,H6,HS,TRUE,270900,"Oils; petroleum oils and oils obtained from bituminous minerals, crude",6,TRUE,C00,TOTAL CPC,0,0,TOTAL MOT,8,kg,699221000,FALSE,8,kg,699221000,FALSE,699221000,FALSE,0,FALSE,404798342.6,,404798342.6,0,FALSE,TRUE,UN Comtrade,"https://comtradeapi.un.org , HS Codes: 270900,271000, 270112"
C,A,20220101,2022,52,2022,233,EST,Estonia,M,Import,643,RUS,Russian Federation,0,W00,World,H6,HS,TRUE,270112,"Coal; bituminous, whether or not pulverised, but not agglomerated",6,TRUE,C00,TOTAL CPC,0,0,TOTAL MOT,8,kg,1294650,FALSE,8,kg,1294650,FALSE,1294650,FALSE,0,FALSE,166591.58,,166591.58,0,FALSE,TRUE,UN Comtrade,"https://comtradeapi.un.org , HS Codes: 270900,271000, 270112"
C,A,20220101,2022,52,2022,233,EST,Estonia,M,Import,643,RUS,Russian Federation,0,W00,World,H6,HS,TRUE,271111,Liquefied Natural Gas Divestment,6,TRUE,C00,TOTAL CPC,0,0,TOTAL MOT,8,kg,13680840,FALSE,18,TJ,765.567,FALSE,13680840,FALSE,0,FALSE,25812550.33,,25812550.33,0,FALSE,TRUE,UN Comtrade,https://comtradeapi.un.org ; HS Code: 271111
C,A,20220101,2022,52,2022,246,FIN,Finland,M,Import,643,RUS,Russian Federation,0,W00,World,H6,HS,TRUE,270112,"Coal; bituminous, whether or not pulverised, but not agglomerated",6,TRUE,C00,TOTAL CPC,0,0,TOTAL MOT,8,kg,581660239,FALSE,8,kg,581660239,FALSE,581660239,FALSE,0,FALSE,159076264,,159076264,0,FALSE,TRUE,UN Comtrade,"https://comtradeapi.un.org , HS Codes: 270900,271000, 270112"
C,A,20220101,2022,52,2022,246,FIN,Finland,M,Import,643,RUS,Russian Federation,0,W00,World,H6,HS,TRUE,271111,Liquefied Natural Gas Divestment,6,TRUE,C00,TOTAL CPC,0,0,TOTAL MOT,8,kg,186990810,FALSE,18,TJ,9246,FALSE,186990810,FALSE,0,FALSE,103393525,,103393525,0,FALSE,TRUE,UN Comtrade,https://comtradeapi.un.org ; HS Code: 271111
C,A,20220101,2022,52,2022,246,FIN,Finland,M,Import,643,RUS,Russian Federation,0,W00,World,H6,HS,TRUE,270900,"Oils; petroleum oils and oils obtained from bituminous minerals, crude",6,TRUE,C00,TOTAL CPC,0,0,TOTAL MOT,8,kg,1660216740,FALSE,8,kg,1660216740,FALSE,1660216740,FALSE,0,FALSE,1021689235,,1021689235,0,FALSE,TRUE,UN Comtrade,"https://comtradeapi.un.org , HS Codes: 270900,271000, 270112"
C,A,20220101,2022,52,2022,251,FRA,France,M,Import,643,RUS,Russian Federation,0,W00,World,H6,HS,TRUE,270112,"Coal; bituminous, whether or not pulverised, but not agglomerated",6,TRUE,C00,TOTAL CPC,0,0,TOTAL MOT,8,kg,777331800,FALSE,8,kg,777331800,FALSE,777331800,FALSE,0,FALSE,250967286.1,,250967286.1,0,FALSE,TRUE,UN Comtrade,"https://comtradeapi.un.org , HS Codes: 270900,271000, 270112"
C,A,20220101,2022,52,2022,251,FRA,France,M,Import,643,RUS,Russian Federation,0,W00,World,H6,HS,TRUE,271111,Liquefied Natural Gas Divestment,6,TRUE,C00,TOTAL CPC,0,0,TOTAL MOT,8,kg,4610402073,TRUE,18,TJ,0,FALSE,4610402073,TRUE,0,FALSE,5721236650,,5721236650,6,FALSE,TRUE,UN Comtrade,https://comtradeapi.un.org ; HS Code: 271111
C,A,20220101,2022,52,2022,251,FRA,France,M,Import,643,RUS,Russian Federation,0,W00,World,H6,HS,TRUE,270900,"Oils; petroleum oils and oils obtained from bituminous minerals, crude",6,TRUE,C00,TOTAL CPC,0,0,TOTAL MOT,8,kg,2495936100,FALSE,8,kg,2495936100,FALSE,2495936100,FALSE,0,FALSE,1685128825,,1685128825,0,FALSE,TRUE,UN Comtrade,"https://comtradeapi.un.org , HS Codes: 270900,271000, 270112"
C,A,20220101,2022,52,2022,826,GBR,United Kingdom,M,Import,643,RUS,Russian Federation,0,W00,World,H6,HS,TRUE,270112,"Coal; bituminous, whether or not pulverised, but not agglomerated",6,TRUE,C00,TOTAL CPC,0,0,TOTAL MOT,8,kg,1091360895,FALSE,8,kg,1091360895,FALSE,1091360895,FALSE,0,FALSE,252720173.4,,252720173.4,0,FALSE,TRUE,UN Comtrade,"https://comtradeapi.un.org , HS Codes: 270900,271000, 270112"
C,A,20220101,2022,52,2022,826,GBR,United Kingdom,M,Import,643,RUS,Russian Federation,0,W00,World,H6,HS,TRUE,271111,Liquefied Natural Gas Divestment,6,TRUE,C00,TOTAL CPC,0,0,TOTAL MOT,8,kg,365856400,FALSE,18,TJ,19497,FALSE,365856400,FALSE,0,FALSE,520965922.2,,520965922.2,0,FALSE,TRUE,UN Comtrade,https://comtradeapi.un.org ; HS Code: 271111
C,A,20220101,2022,52,2022,826,GBR,United Kingdom,M,Import,643,RUS,Russian Federation,0,W00,World,H6,HS,TRUE,270900,"Oils; petroleum oils and oils obtained from bituminous minerals, crude",6,TRUE,C00,TOTAL CPC,0,0,TOTAL MOT,8,kg,816016500,FALSE,8,kg,816016500,FALSE,816016500,FALSE,0,FALSE,500766084.6,,500766084.6,0,FALSE,TRUE,UN Comtrade,"https://comtradeapi.un.org , HS Codes: 270900,271000, 270112"
C,A,20220101,2022,52,2022,300,GRC,Greece,M,Import,643,RUS,Russian Federation,0,W00,World,H6,HS,TRUE,270112,"Coal; bituminous, whether or not pulverised, but not agglomerated",6,TRUE,C00,TOTAL CPC,0,0,TOTAL MOT,8,kg,15979100,FALSE,8,kg,15979100,FALSE,15979100,FALSE,0,FALSE,2885615.455,,2885615.455,0,FALSE,TRUE,UN Comtrade,"https://comtradeapi.un.org , HS Codes: 270900,271000, 270112"
C,A,20220101,2022,52,2022,300,GRC,Greece,M,Import,643,RUS,Russian Federation,0,W00,World,H6,HS,TRUE,271111,Liquefied Natural Gas Divestment,6,TRUE,C00,TOTAL CPC,0,0,TOTAL MOT,8,kg,133400100,FALSE,18,TJ,7308,FALSE,133400100,FALSE,0,FALSE,229137709.1,,229137709.1,0,FALSE,TRUE,UN Comtrade,https://comtradeapi.un.org ; HS Code: 271111
C,A,20220101,2022,52,2022,300,GRC,Greece,M,Import,643,RUS,Russian Federation,0,W00,World,H6,HS,TRUE,270900,"Oils; petroleum oils and oils obtained from bituminous minerals, crude",6,TRUE,C00,TOTAL CPC,0,0,TOTAL MOT,8,kg,427992500,FALSE,8,kg,427992500,FALSE,427992500,FALSE,0,FALSE,242617441.3,,242617441.3,0,FALSE,TRUE,UN Comtrade,"https://comtradeapi.un.org , HS Codes: 270900,271000, 270112"
C,A,20220101,2022,52,2022,191,HRV,Croatia,M,Import,643,RUS,Russian Federation,0,W00,World,H6,HS,TRUE,270112,"Coal; bituminous, whether or not pulverised, but not agglomerated",6,TRUE,C00,TOTAL CPC,0,0,TOTAL MOT,8,kg,284808240,FALSE,8,kg,284808240,FALSE,284808240,FALSE,0,FALSE,103891875,,103891875,0,TRUE,FALSE,UN Comtrade,"https://comtradeapi.un.org , HS Codes: 270900,271000, 270112"
C,A,20220101,2022,52,2022,348,HUN,Hungary,M,Import,643,RUS,Russian Federation,0,W00,World,H6,HS,TRUE,270112,"Coal; bituminous, whether or not pulverised, but not agglomerated",6,TRUE,C00,TOTAL CPC,0,0,TOTAL MOT,8,kg,51603700,FALSE,8,kg,51603700,FALSE,51603700,FALSE,0,FALSE,16475214,,16475214,0,FALSE,TRUE,UN Comtrade,"https://comtradeapi.un.org , HS Codes: 270900,271000, 270112"
C,A,20220101,2022,52,2022,348,HUN,Hungary,M,Import,643,RUS,Russian Federation,0,W00,World,H6,HS,TRUE,270900,"Oils; petroleum oils and oils obtained from bituminous minerals, crude",6,TRUE,C00,TOTAL CPC,0,0,TOTAL MOT,8,kg,4957773000,FALSE,8,kg,4957773000,FALSE,4957773000,FALSE,0,FALSE,2724777238,,2724777238,0,FALSE,TRUE,UN Comtrade,"https://comtradeapi.un.org , HS Codes: 270900,271000, 270112"
C,A,20220101,2022,52,2022,380,ITA,Italy,M,Import,643,RUS,Russian Federation,0,W00,World,H6,HS,TRUE,270112,"Coal; bituminous, whether or not pulverised, but not agglomerated",6,TRUE,C00,TOTAL CPC,0,0,TOTAL MOT,8,kg,2921775919,TRUE,-1,,0,FALSE,2921775919,TRUE,0,FALSE,1123241043,,1123241043,6,TRUE,FALSE,UN Comtrade,"https://comtradeapi.un.org , HS Codes: 270900,271000, 270112"
C,A,20220101,2022,52,2022,380,ITA,Italy,M,Import,643,RUS,Russian Federation,0,W00,World,H6,HS,TRUE,271111,Liquefied Natural Gas Divestment,6,TRUE,C00,TOTAL CPC,0,0,TOTAL MOT,8,kg,137011000,FALSE,18,TJ,7322,FALSE,137011000,FALSE,0,FALSE,199737584.4,,199737584.4,0,TRUE,FALSE,UN Comtrade,https://comtradeapi.un.org ; HS Code: 271111
C,A,20220101,2022,52,2022,380,ITA,Italy,M,Import,643,RUS,Russian Federation,0,W00,World,H6,HS,TRUE,270900,"Oils; petroleum oils and oils obtained from bituminous minerals, crude",6,TRUE,C00,TOTAL CPC,0,0,TOTAL MOT,8,kg,9602979999,TRUE,-1,,0,FALSE,9602979999,TRUE,0,FALSE,7241065092,,7241065092,6,TRUE,FALSE,UN Comtrade,"https://comtradeapi.un.org , HS Codes: 270900,271000, 270112"
C,A,20220101,2022,52,2022,440,LTU,Lithuania,M,Import,643,RUS,Russian Federation,0,W00,World,H6,HS,TRUE,270112,"Coal; bituminous, whether or not pulverised, but not agglomerated",6,TRUE,C00,TOTAL CPC,0,0,TOTAL MOT,8,kg,282325300,FALSE,8,kg,282325300,FALSE,282325300,FALSE,0,FALSE,40344095,,40344095,0,TRUE,FALSE,UN Comtrade,"https://comtradeapi.un.org , HS Codes: 270900,271000, 270112"
C,A,20220101,2022,52,2022,440,LTU,Lithuania,M,Import,643,RUS,Russian Federation,0,W00,World,H6,HS,TRUE,271111,Liquefied Natural Gas Divestment,6,TRUE,C00,TOTAL CPC,0,0,TOTAL MOT,8,kg,50956100,FALSE,18,TJ,2805.99,FALSE,50956100,FALSE,0,FALSE,80517508,,80517508,0,TRUE,FALSE,UN Comtrade,https://comtradeapi.un.org ; HS Code: 271111
C,A,20220101,2022,52,2022,440,LTU,Lithuania,M,Import,643,RUS,Russian Federation,0,W00,World,H6,HS,TRUE,270900,"Oils; petroleum oils and oils obtained from bituminous minerals, crude",6,TRUE,C00,TOTAL CPC,0,0,TOTAL MOT,8,kg,1099627000,FALSE,8,kg,1099627000,FALSE,1099627000,FALSE,0,FALSE,753713000,,753713000,0,TRUE,FALSE,UN Comtrade,"https://comtradeapi.un.org , HS Codes: 270900,271000, 270112"
C,A,20220101,2022,52,2022,428,LVA,Latvia,M,Import,643,RUS,Russian Federation,0,W00,World,H6,HS,TRUE,270112,"Coal; bituminous, whether or not pulverised, but not agglomerated",6,TRUE,C00,TOTAL CPC,0,0,TOTAL MOT,8,kg,38480410,FALSE,8,kg,38480410,FALSE,38480410,FALSE,0,FALSE,8239932.83,,8239932.83,0,FALSE,TRUE,UN Comtrade,"https://comtradeapi.un.org , HS Codes: 270900,271000, 270112"
C,A,20220101,2022,52,2022,807,MKD,North Macedonia,M,Import,643,RUS,Russian Federation,0,W00,World,H6,HS,TRUE,270112,"Coal; bituminous, whether or not pulverised, but not agglomerated",6,TRUE,C00,TOTAL CPC,0,0,TOTAL MOT,8,kg,96000,FALSE,8,kg,96000,FALSE,96000,FALSE,0,FALSE,41067.11,,41067.11,0,FALSE,TRUE,UN Comtrade,"https://comtradeapi.un.org , HS Codes: 270900,271000, 270112"
C,A,20220101,2022,52,2022,528,NLD,Netherlands,M,Import,643,RUS,Russian Federation,0,W00,World,H6,HS,TRUE,270112,"Coal; bituminous, whether or not pulverised, but not agglomerated",6,TRUE,C00,TOTAL CPC,0,0,TOTAL MOT,8,kg,175825000,FALSE,8,kg,175825000,FALSE,175825000,FALSE,0,FALSE,49859941.35,,49859941.35,0,TRUE,FALSE,UN Comtrade,"https://comtradeapi.un.org , HS Codes: 270900,271000, 270112"
C,A,20220101,2022,52,2022,528,NLD,Netherlands,M,Import,643,RUS,Russian Federation,0,W00,World,H6,HS,TRUE,271111,Liquefied Natural Gas Divestment,6,TRUE,C00,TOTAL CPC,0,0,TOTAL MOT,8,kg,2915910000,FALSE,18,TJ,110792,FALSE,2915910000,FALSE,0,FALSE,3321634486,,3321634486,0,TRUE,FALSE,UN Comtrade,https://comtradeapi.un.org ; HS Code: 271111
C,A,20220101,2022,52,2022,528,NLD,Netherlands,M,Import,643,RUS,Russian Federation,0,W00,World,H6,HS,TRUE,270900,"Oils; petroleum oils and oils obtained from bituminous minerals, crude",6,TRUE,C00,TOTAL CPC,0,0,TOTAL MOT,8,kg,16085810000,FALSE,8,kg,16085810000,FALSE,16085810000,FALSE,0,FALSE,10577157089,,10577157089,0,TRUE,FALSE,UN Comtrade,"https://comtradeapi.un.org , HS Codes: 270900,271000, 270112"
C,A,20220101,2022,52,2022,579,NOR,Norway,M,Import,643,RUS,Russian Federation,0,W00,World,H6,HS,TRUE,270112,"Coal; bituminous, whether or not pulverised, but not agglomerated",6,TRUE,C00,TOTAL CPC,0,0,TOTAL MOT,8,kg,12091730,FALSE,8,kg,12091730,FALSE,12091730,FALSE,0,FALSE,3710578.257,,3710578.257,0,FALSE,TRUE,UN Comtrade,"https://comtradeapi.un.org , HS Codes: 270900,271000, 270112"
C,A,20220101,2022,52,2022,579,NOR,Norway,M,Import,643,RUS,Russian Federation,0,W00,World,H6,HS,TRUE,271111,Liquefied Natural Gas Divestment,6,TRUE,C00,TOTAL CPC,0,0,TOTAL MOT,8,kg,32260522,FALSE,8,kg,32260522,FALSE,32260522,FALSE,0,FALSE,23423310.24,,23423310.24,0,FALSE,TRUE,UN Comtrade,https://comtradeapi.un.org ; HS Code: 271111
C,A,20220101,2022,52,2022,616,POL,Poland,M,Import,643,RUS,Russian Federation,0,W00,World,H6,HS,TRUE,270112,"Coal; bituminous, whether or not pulverised, but not agglomerated",6,TRUE,C00,TOTAL CPC,0,0,TOTAL MOT,8,kg,2079451400,FALSE,8,kg,2079451400,FALSE,2079451400,FALSE,0,FALSE,311351300,,311351300,0,TRUE,FALSE,UN Comtrade,"https://comtradeapi.un.org , HS Codes: 270900,271000, 270112"
C,A,20220101,2022,52,2022,616,POL,Poland,M,Import,643,RUS,Russian Federation,0,W00,World,H6,HS,TRUE,270900,"Oils; petroleum oils and oils obtained from bituminous minerals, crude",6,TRUE,C00,TOTAL CPC,0,0,TOTAL MOT,8,kg,11720543000,FALSE,8,kg,11720543000,FALSE,11720543000,FALSE,0,FALSE,6649647812,,6649647812,0,TRUE,FALSE,UN Comtrade,"https://comtradeapi.un.org , HS Codes: 270900,271000, 270112"
C,A,20220101,2022,52,2022,620,PRT,Portugal,M,Import,643,RUS,Russian Federation,0,W00,World,H6,HS,TRUE,271111,Liquefied Natural Gas Divestment,6,TRUE,C00,TOTAL CPC,0,0,TOTAL MOT,8,kg,210835700,FALSE,18,TJ,11594,FALSE,210835700,FALSE,0,FALSE,137104498,,137104498,0,FALSE,TRUE,UN Comtrade,https://comtradeapi.un.org ; HS Code: 271111
C,A,20220101,2022,52,2022,642,ROU,Romania,M,Import,643,RUS,Russian Federation,0,W00,World,H6,HS,TRUE,270112,"Coal; bituminous, whether or not pulverised, but not agglomerated",6,TRUE,C00,TOTAL CPC,0,0,TOTAL MOT,8,kg,228994040,FALSE,8,kg,228994040,FALSE,228994040,FALSE,0,FALSE,81564035.36,,81564035.36,0,FALSE,TRUE,UN Comtrade,"https://comtradeapi.un.org , HS Codes: 270900,271000, 270112"
C,A,20220101,2022,52,2022,642,ROU,Romania,M,Import,643,RUS,Russian Federation,0,W00,World,H6,HS,TRUE,270900,"Oils; petroleum oils and oils obtained from bituminous minerals, crude",6,TRUE,C00,TOTAL CPC,0,0,TOTAL MOT,8,kg,4466729060,FALSE,8,kg,4466729060,FALSE,4466729060,FALSE,0,FALSE,2994305638,,2994305638,0,FALSE,TRUE,UN Comtrade,"https://comtradeapi.un.org , HS Codes: 270900,271000, 270112"
C,A,20220101,2022,52,2022,703,SVK,Slovakia,M,Import,643,RUS,Russian Federation,0,W00,World,H6,HS,TRUE,270112,"Coal; bituminous, whether or not pulverised, but not agglomerated",6,TRUE,C00,TOTAL CPC,0,0,TOTAL MOT,8,kg,220400600,FALSE,8,kg,220400600,FALSE,220400600,FALSE,0,FALSE,40607193.72,40292979.8,40607193.72,0,FALSE,TRUE,UN Comtrade,"https://comtradeapi.un.org , HS Codes: 270900,271000, 270112"
C,A,20220101,2022,52,2022,703,SVK,Slovakia,M,Import,643,RUS,Russian Federation,0,W00,World,H6,HS,TRUE,270900,"Oils; petroleum oils and oils obtained from bituminous minerals, crude",6,TRUE,C00,TOTAL CPC,0,0,TOTAL MOT,8,kg,5194936000,FALSE,8,kg,5194936000,FALSE,5194936000,FALSE,0,FALSE,2830162103,2830162103,2830162103,0,FALSE,TRUE,UN Comtrade,"https://comtradeapi.un.org , HS Codes: 270900,271000, 270112"
C,A,20220101,2022,52,2022,752,SWE,Sweden,M,Import,643,RUS,Russian Federation,0,W00,World,H6,HS,TRUE,270112,"Coal; bituminous, whether or not pulverised, but not agglomerated",6,TRUE,C00,TOTAL CPC,0,0,TOTAL MOT,8,kg,75561000,FALSE,8,kg,75561000,FALSE,75561000,FALSE,0,FALSE,15617369.06,,15617369.06,0,FALSE,TRUE,UN Comtrade,"https://comtradeapi.un.org , HS Codes: 270900,271000, 270112"
C,A,20220101,2022,52,2022,752,SWE,Sweden,M,Import,643,RUS,Russian Federation,0,W00,World,H6,HS,TRUE,271111,Liquefied Natural Gas Divestment,6,TRUE,C00,TOTAL CPC,0,0,TOTAL MOT,8,kg,64314000,FALSE,18,TJ,3198,FALSE,64314000,FALSE,0,FALSE,34915682.75,,34915682.75,0,FALSE,TRUE,UN Comtrade,https://comtradeapi.un.org ; HS Code: 271111
C,A,20220101,2022,52,2022,752,SWE,Sweden,M,Import,643,RUS,Russian Federation,0,W00,World,H6,HS,TRUE,270900,"Oils; petroleum oils and oils obtained from bituminous minerals, crude",6,TRUE,C00,TOTAL CPC,0,0,TOTAL MOT,8,kg,342328000,FALSE,8,kg,342328000,FALSE,342328000,FALSE,0,FALSE,203770193,,203770193,0,FALSE,TRUE,UN Comtrade,"https://comtradeapi.un.org , HS Codes: 270900,271000, 270112"
C,A,20220101,2022,52,2022,792,TUR,Türkiye,M,Import,643,RUS,Russian Federation,0,W00,World,H6,HS,TRUE,270112,"Coal; bituminous, whether or not pulverised, but not agglomerated",6,TRUE,C00,TOTAL CPC,0,0,TOTAL MOT,8,kg,18608743800,FALSE,8,kg,18608743800,FALSE,18608743800,FALSE,0,FALSE,3637446938,3127396307,3637446938,0,FALSE,TRUE,UN Comtrade,"https://comtradeapi.un.org , HS Codes: 270900,271000, 270112"
C,A,20220101,2022,52,2022,842,USA,USA,M,Import,643,RUS,Russian Federation,0,W00,World,H6,HS,TRUE,271111,Liquefied Natural Gas Divestment,6,TRUE,C00,TOTAL CPC,0,0,TOTAL MOT,8,kg,24127830.91,TRUE,12,m³,104448,FALSE,24127830.91,TRUE,0,FALSE,29941213,29284255,29941213,6,TRUE,FALSE,UN Comtrade,https://comtradeapi.un.org ; HS Code: 271111
C,A,20220101,2022,52,2022,842,USA,USA,M,Import,643,RUS,Russian Federation,0,W00,World,H6,HS,TRUE,270900,"Oils; petroleum oils and oils obtained from bituminous minerals, crude",6,TRUE,C00,TOTAL CPC,0,0,TOTAL MOT,8,kg,789388095,FALSE,19,BBL,4964705,FALSE,789388095,FALSE,0,FALSE,521646568,510598360,521646568,0,TRUE,FALSE,UN Comtrade,"https://comtradeapi.un.org , HS Codes: 270900,271000, 270112"
C,A,20230101,2023,52,2023,100,BGR,Bulgaria,M,Import,643,RUS,Russian Federation,0,W00,World,H6,HS,TRUE,270900,"Oils; petroleum oils and oils obtained from bituminous minerals, crude",6,TRUE,C00,TOTAL CPC,0,0,TOTAL MOT,8,kg,5540064600,FALSE,8,kg,5540064600,FALSE,5540064600,FALSE,0,FALSE,2691359065,,2691359065,0,FALSE,TRUE,UN Comtrade,"https://comtradeapi.un.org , HS Codes: 270900,271000, 270112"
C,A,20230101,2023,52,2023,203,CZE,Czechia,M,Import,643,RUS,Russian Federation,0,W00,World,H6,HS,TRUE,270900,"Oils; petroleum oils and oils obtained from bituminous minerals, crude",6,TRUE,C00,TOTAL CPC,0,0,TOTAL MOT,8,kg,4223352000,FALSE,8,kg,4223352000,FALSE,4223352000,FALSE,0,FALSE,2047901382,1955505880,2047901382,0,FALSE,TRUE,UN Comtrade,"https://comtradeapi.un.org , HS Codes: 270900,271000, 270112"
C,A,20230101,2023,52,2023,276,DEU,Germany,M,Import,643,RUS,Russian Federation,0,W00,World,H6,HS,TRUE,270112,"Coal; bituminous, whether or not pulverised, but not agglomerated",6,TRUE,C00,TOTAL CPC,0,0,TOTAL MOT,8,kg,241845100,FALSE,8,kg,241845100,FALSE,241845100,FALSE,0,FALSE,91452900.82,,91452900.82,0,FALSE,TRUE,UN Comtrade,"https://comtradeapi.un.org , HS Codes: 270900,271000, 270112"
C,A,20230101,2023,52,2023,276,DEU,Germany,M,Import,643,RUS,Russian Federation,0,W00,World,H6,HS,TRUE,270900,"Oils; petroleum oils and oils obtained from bituminous minerals, crude",6,TRUE,C00,TOTAL CPC,0,0,TOTAL MOT,8,kg,115395000,FALSE,8,kg,115395000,FALSE,115395000,FALSE,0,FALSE,43858391.81,,43858391.81,0,FALSE,TRUE,UN Comtrade,"https://comtradeapi.un.org , HS Codes: 270900,271000, 270112"
C,A,20230101,2023,52,2023,348,HUN,Hungary,M,Import,643,RUS,Russian Federation,0,W00,World,H6,HS,TRUE,270900,"Oils; petroleum oils and oils obtained from bituminous minerals, crude",6,TRUE,C00,TOTAL CPC,0,0,TOTAL MOT,8,kg,4728309000,FALSE,8,kg,4728309000,FALSE,4728309000,FALSE,0,FALSE,2222817598,,2222817598,0,FALSE,TRUE,UN Comtrade,"https://comtradeapi.un.org , HS Codes: 270900,271000, 270112"
C,A,20230101,2023,52,2023,807,MKD,North Macedonia,M,Import,643,RUS,Russian Federation,0,W00,World,H6,HS,TRUE,270112,"Coal; bituminous, whether or not pulverised, but not agglomerated",6,TRUE,C00,TOTAL CPC,0,0,TOTAL MOT,8,kg,72000,FALSE,8,kg,72000,FALSE,72000,FALSE,0,FALSE,26918.34,,26918.34,0,FALSE,TRUE,UN Comtrade,"https://comtradeapi.un.org , HS Codes: 270900,271000, 270112"
C,A,20230101,2023,52,2023,528,NLD,Netherlands,M,Import,643,RUS,Russian Federation,0,W00,World,H6,HS,TRUE,270900,"Oils; petroleum oils and oils obtained from bituminous minerals, crude",6,TRUE,C00,TOTAL CPC,0,0,TOTAL MOT,8,kg,914008300,FALSE,8,kg,914008300,FALSE,914008300,FALSE,0,FALSE,501207388.4,,501207388.4,0,TRUE,FALSE,UN Comtrade,"https://comtradeapi.un.org , HS Codes: 270900,271000, 270112"
C,A,20230101,2023,52,2023,616,POL,Poland,M,Import,643,RUS,Russian Federation,0,W00,World,H6,HS,TRUE,270900,"Oils; petroleum oils and oils obtained from bituminous minerals, crude",6,TRUE,C00,TOTAL CPC,0,0,TOTAL MOT,8,kg,1149848000,FALSE,8,kg,1149848000,FALSE,1149848000,FALSE,0,FALSE,389993296,,389993296,0,TRUE,FALSE,UN Comtrade,"https://comtradeapi.un.org , HS Codes: 270900,271000, 270112"
C,A,20230101,2023,52,2023,703,SVK,Slovakia,M,Import,643,RUS,Russian Federation,0,W00,World,H6,HS,TRUE,270900,"Oils; petroleum oils and oils obtained from bituminous minerals, crude",6,TRUE,C00,TOTAL CPC,0,0,TOTAL MOT,8,kg,4574412000,FALSE,8,kg,4574412000,FALSE,4574412000,FALSE,0,FALSE,2100894435,2100894435,2100894435,0,FALSE,TRUE,UN Comtrade,"https://comtradeapi.un.org , HS Codes: 270900,271000, 270112"
C,A,20230101,2023,52,2023,792,TUR,Türkiye,M,Import,643,RUS,Russian Federation,0,W00,World,H6,HS,TRUE,270112,"Coal; bituminous, whether or not pulverised, but not agglomerated",6,TRUE,C00,TOTAL CPC,0,0,TOTAL MOT,8,kg,27184292050,FALSE,8,kg,27184292050,FALSE,27184292050,FALSE,0,FALSE,3303699112,2854664282,3303699112,0,FALSE,TRUE,UN Comtrade,"https://comtradeapi.un.org , HS Codes: 270900,271000, 270112"
C,A,20230101,2023,52,2023,842,USA,USA,M,Import,643,RUS,Russian Federation,0,W00,World,H6,HS,TRUE,270900,"Oils; petroleum oils and oils obtained from bituminous minerals, crude",6,TRUE,C00,TOTAL CPC,0,0,TOTAL MOT,8,kg,1567740,FALSE,19,BBL,9860,FALSE,1567740,FALSE,0,FALSE,759645,749489,759645,0,TRUE,FALSE,UN Comtrade,"https://comtradeapi.un.org , HS Codes: 270900,271000, 270112"
C,A,20230101,2023,52,2023,56,BEL,Belgium,M,Import,643,RUS,Russian Federation,0,W00,World,H6,HS,TRUE,271111,Liquefied Natural Gas Divestment,6,TRUE,C00,TOTAL CPC,0,0,TOTAL MOT,8,kg,2808919530,FALSE,-1,N/A,0,FALSE,2808919530,FALSE,0,FALSE,1844929643,NA,1844929643,0,TRUE,FALSE,UN Comtrade,https://comtradeapi.un.org ; HS Code: 271111
C,A,20230101,2023,52,2023,233,EST,Estonia,M,Import,643,RUS,Russian Federation,0,W00,World,H6,HS,TRUE,271111,Liquefied Natural Gas Divestment,6,TRUE,C00,TOTAL CPC,0,0,TOTAL MOT,8,kg,5381600,FALSE,18,TJ,308.846,FALSE,5381600,FALSE,0,FALSE,2907141.84,NA,2907141.84,0,FALSE,TRUE,UN Comtrade,https://comtradeapi.un.org ; HS Code: 271111
C,A,20230101,2023,52,2023,246,FIN,Finland,M,Import,643,RUS,Russian Federation,0,W00,World,H6,HS,TRUE,271111,Liquefied Natural Gas Divestment,6,TRUE,C00,TOTAL CPC,0,0,TOTAL MOT,8,kg,133120180,FALSE,18,TJ,6590,FALSE,133120180,FALSE,0,FALSE,62009083.72,NA,62009083.72,0,FALSE,TRUE,UN Comtrade,https://comtradeapi.un.org ; HS Code: 271111
C,A,20230101,2023,52,2023,251,FRA,France,M,Import,643,RUS,Russian Federation,0,W00,World,H6,HS,TRUE,271111,Liquefied Natural Gas Divestment,6,TRUE,C00,TOTAL CPC,0,0,TOTAL MOT,8,kg,3498053695,TRUE,18,TJ,0,FALSE,3498053695,TRUE,0,FALSE,2290744485,NA,2290744485,6,TRUE,FALSE,UN Comtrade,https://comtradeapi.un.org ; HS Code: 271111
C,A,20230101,2023,52,2023,300,GRC,Greece,M,Import,643,RUS,Russian Federation,0,W00,World,H6,HS,TRUE,271111,Liquefied Natural Gas Divestment,6,TRUE,C00,TOTAL CPC,0,0,TOTAL MOT,8,kg,548839200,FALSE,18,TJ,30169,FALSE,548839200,FALSE,0,FALSE,277530947.8,NA,277530947.8,0,FALSE,TRUE,UN Comtrade,https://comtradeapi.un.org ; HS Code: 271111
C,A,20230101,2023,52,2023,380,ITA,Italy,M,Import,643,RUS,Russian Federation,0,W00,World,H6,HS,TRUE,271111,Liquefied Natural Gas Divestment,6,TRUE,C00,TOTAL CPC,0,0,TOTAL MOT,8,kg,71677300,FALSE,18,TJ,3942,FALSE,71677300,FALSE,0,FALSE,67358575.87,NA,67358575.87,0,TRUE,FALSE,UN Comtrade,https://comtradeapi.un.org ; HS Code: 271111
C,A,20230101,2023,52,2023,440,LTU,Lithuania,M,Import,643,RUS,Russian Federation,0,W00,World,H6,HS,TRUE,271111,Liquefied Natural Gas Divestment,6,TRUE,C00,TOTAL CPC,0,0,TOTAL MOT,8,kg,5375400,FALSE,18,TJ,578.077,FALSE,5375400,FALSE,0,FALSE,2478521,NA,2478521,0,TRUE,FALSE,UN Comtrade,https://comtradeapi.un.org ; HS Code: 271111
C,A,20230101,2023,52,2023,528,NLD,Netherlands,M,Import,643,RUS,Russian Federation,0,W00,World,H6,HS,TRUE,271111,Liquefied Natural Gas Divestment,6,TRUE,C00,TOTAL CPC,0,0,TOTAL MOT,8,kg,1465193400,FALSE,18,TJ,55669,FALSE,1465193400,FALSE,0,FALSE,1421381408,NA,1421381408,0,TRUE,FALSE,UN Comtrade,https://comtradeapi.un.org ; HS Code: 271111
C,A,20230101,2023,52,2023,579,NOR,Norway,M,Import,643,RUS,Russian Federation,0,W00,World,H6,HS,TRUE,271111,Liquefied Natural Gas Divestment,6,TRUE,C00,TOTAL CPC,0,0,TOTAL MOT,8,kg,42831970,FALSE,8,kg,42831970,FALSE,42831970,FALSE,0,FALSE,19992866.69,NA,19992866.69,0,FALSE,TRUE,UN Comtrade,https://comtradeapi.un.org ; HS Code: 271111
C,A,20230101,2023,52,2023,620,PRT,Portugal,M,Import,643,RUS,Russian Federation,0,W00,World,H6,HS,TRUE,271111,Liquefied Natural Gas Divestment,6,TRUE,C00,TOTAL CPC,0,0,TOTAL MOT,8,kg,285988200,FALSE,18,TJ,15728,FALSE,285988200,FALSE,0,FALSE,206567184.5,NA,206567184.5,0,FALSE,TRUE,UN Comtrade,https://comtradeapi.un.org ; HS Code: 271111
C,A,20230101,2023,52,2023,724,ESP,Spain,M,Import,643,RUS,Russian Federation,0,W00,World,H6,HS,TRUE,271111,Liquefied Natural Gas Divestment,6,TRUE,C00,TOTAL CPC,0,0,TOTAL MOT,8,kg,3849760000,FALSE,18,TJ,211726,FALSE,3849760000,FALSE,0,FALSE,2493841174,NA,2493841174,0,FALSE,TRUE,UN Comtrade,https://comtradeapi.un.org ; HS Code: 271111
C,A,20230101,2023,52,2023,752,SWE,Sweden,M,Import,643,RUS,Russian Federation,0,W00,World,H6,HS,TRUE,271111,Liquefied Natural Gas Divestment,6,TRUE,C00,TOTAL CPC,0,0,TOTAL MOT,8,kg,81541000,FALSE,18,TJ,4082,FALSE,81541000,FALSE,0,FALSE,36725264.8,NA,36725264.8,0,FALSE,TRUE,UN Comtrade,https://comtradeapi.un.org ; HS Code: 271111
