new_year,country_iso3,constant_2022_USD_billions,variable_name,dataset_name,source
2022,AUS,79109803.353,Ukraine Humanitarian Aid,Kiel Ukraine Tracker,https://www.ifw-kiel.de/publications/ukraine-support-tracker-data-20758/
2022,AUS,366993980.6988,Ukraine Military Aid,Kiel Ukraine Tracker,https://www.ifw-kiel.de/publications/ukraine-support-tracker-data-20758/
2022,AUT,676032000,Ukraine Financial Aid,Kiel Ukraine Tracker,https://www.ifw-kiel.de/publications/ukraine-support-tracker-data-20758/
2022,AUT,81734290.5582,Ukraine Humanitarian Aid,Kiel Ukraine Tracker,https://www.ifw-kiel.de/publications/ukraine-support-tracker-data-20758/
2022,AUT,3587374.3710000003,Ukraine Military Aid,Kiel Ukraine Tracker,https://www.ifw-kiel.de/publications/ukraine-support-tracker-data-20758/
2022,BEL,8513778,Ukraine Financial Aid,Kiel Ukraine Tracker,https://www.ifw-kiel.de/publications/ukraine-support-tracker-data-20758/
2022,BEL,68691189,Ukraine Humanitarian Aid,Kiel Ukraine Tracker,https://www.ifw-kiel.de/publications/ukraine-support-tracker-data-20758/
2022,BEL,155288655.1818,Ukraine Military Aid,Kiel Ukraine Tracker,https://www.ifw-kiel.de/publications/ukraine-support-tracker-data-20758/
2022,BGR,745747.8,Ukraine Humanitarian Aid,Kiel Ukraine Tracker,https://www.ifw-kiel.de/publications/ukraine-support-tracker-data-20758/
2022,BGR,252760199.601,Ukraine Military Aid,Kiel Ukraine Tracker,https://www.ifw-kiel.de/publications/ukraine-support-tracker-data-20758/
2022,CAN,1915353452.5398,Ukraine Financial Aid,Kiel Ukraine Tracker,https://www.ifw-kiel.de/publications/ukraine-support-tracker-data-20758/
2022,CAN,382921521.7233,Ukraine Humanitarian Aid,Kiel Ukraine Tracker,https://www.ifw-kiel.de/publications/ukraine-support-tracker-data-20758/
2022,CAN,1103444520.6939,Ukraine Military Aid,Kiel Ukraine Tracker,https://www.ifw-kiel.de/publications/ukraine-support-tracker-data-20758/
2022,CHE,102256833.7623,Ukraine Financial Aid,Kiel Ukraine Tracker,https://www.ifw-kiel.de/publications/ukraine-support-tracker-data-20758/
2022,CHE,253149094.4031,Ukraine Humanitarian Aid,Kiel Ukraine Tracker,https://www.ifw-kiel.de/publications/ukraine-support-tracker-data-20758/
2022,CHN,2052396.1815,Ukraine Humanitarian Aid,Kiel Ukraine Tracker,https://www.ifw-kiel.de/publications/ukraine-support-tracker-data-20758/
2022,CYP,3168900,Ukraine Humanitarian Aid,Kiel Ukraine Tracker,https://www.ifw-kiel.de/publications/ukraine-support-tracker-data-20758/
2022,CZE,119629203.0528,Ukraine Humanitarian Aid,Kiel Ukraine Tracker,https://www.ifw-kiel.de/publications/ukraine-support-tracker-data-20758/
2022,CZE,484791860.5971,Ukraine Military Aid,Kiel Ukraine Tracker,https://www.ifw-kiel.de/publications/ukraine-support-tracker-data-20758/
2022,DEU,1486214100,Ukraine Financial Aid,Kiel Ukraine Tracker,https://www.ifw-kiel.de/publications/ukraine-support-tracker-data-20758/
2022,DEU,1622185314.015,Ukraine Humanitarian Aid,Kiel Ukraine Tracker,https://www.ifw-kiel.de/publications/ukraine-support-tracker-data-20758/
2022,DEU,118622490,Ukraine Military Aid,Kiel Ukraine Tracker,https://www.ifw-kiel.de/publications/ukraine-support-tracker-data-20758/
2022,DNK,60737250,Ukraine Financial Aid,Kiel Ukraine Tracker,https://www.ifw-kiel.de/publications/ukraine-support-tracker-data-20758/
2022,DNK,130703310.7086,Ukraine Humanitarian Aid,Kiel Ukraine Tracker,https://www.ifw-kiel.de/publications/ukraine-support-tracker-data-20758/
2022,DNK,600133693.0008,Ukraine Military Aid,Kiel Ukraine Tracker,https://www.ifw-kiel.de/publications/ukraine-support-tracker-data-20758/
2022,ESP,369388110,Ukraine Financial Aid,Kiel Ukraine Tracker,https://www.ifw-kiel.de/publications/ukraine-support-tracker-data-20758/
2022,ESP,78838981.7649,Ukraine Humanitarian Aid,Kiel Ukraine Tracker,https://www.ifw-kiel.de/publications/ukraine-support-tracker-data-20758/
2022,ESP,327484748.1528,Ukraine Military Aid,Kiel Ukraine Tracker,https://www.ifw-kiel.de/publications/ukraine-support-tracker-data-20758/
2022,EST,3063270,Ukraine Humanitarian Aid,Kiel Ukraine Tracker,https://www.ifw-kiel.de/publications/ukraine-support-tracker-data-20758/
2022,EST,325129140,Ukraine Military Aid,Kiel Ukraine Tracker,https://www.ifw-kiel.de/publications/ukraine-support-tracker-data-20758/
2022,EU,26745516000,Ukraine Financial Aid,Kiel Ukraine Tracker,https://www.ifw-kiel.de/publications/ukraine-support-tracker-data-20758/
2022,EU,1690080000,Ukraine Humanitarian Aid,Kiel Ukraine Tracker,https://www.ifw-kiel.de/publications/ukraine-support-tracker-data-20758/
2022,EUIB,2387766150,Ukraine Financial Aid,Kiel Ukraine Tracker,https://www.ifw-kiel.de/publications/ukraine-support-tracker-data-20758/
2022,EUPF,3274530000,Ukraine Military Aid,Kiel Ukraine Tracker,https://www.ifw-kiel.de/publications/ukraine-support-tracker-data-20758/
2022,FIN,77426790,Ukraine Financial Aid,Kiel Ukraine Tracker,https://www.ifw-kiel.de/publications/ukraine-support-tracker-data-20758/
2022,FIN,69927060,Ukraine Humanitarian Aid,Kiel Ukraine Tracker,https://www.ifw-kiel.de/publications/ukraine-support-tracker-data-20758/
2022,FIN,218337210,Ukraine Military Aid,Kiel Ukraine Tracker,https://www.ifw-kiel.de/publications/ukraine-support-tracker-data-20758/
2022,FRA,738776220,Ukraine Financial Aid,Kiel Ukraine Tracker,https://www.ifw-kiel.de/publications/ukraine-support-tracker-data-20758/
2022,FRA,338569636.4064,Ukraine Humanitarian Aid,Kiel Ukraine Tracker,https://www.ifw-kiel.de/publications/ukraine-support-tracker-data-20758/
2022,FRA,506296660.3401,Ukraine Military Aid,Kiel Ukraine Tracker,https://www.ifw-kiel.de/publications/ukraine-support-tracker-data-20758/
2022,GBR,3205364097.1044,Ukraine Financial Aid,Kiel Ukraine Tracker,https://www.ifw-kiel.de/publications/ukraine-support-tracker-data-20758/
2022,GBR,273765902.8755,Ukraine Humanitarian Aid,Kiel Ukraine Tracker,https://www.ifw-kiel.de/publications/ukraine-support-tracker-data-20758/
2022,GBR,4137115534.8873,Ukraine Military Aid,Kiel Ukraine Tracker,https://www.ifw-kiel.de/publications/ukraine-support-tracker-data-20758/
2022,GRC,0,Ukraine Humanitarian Aid,Kiel Ukraine Tracker,https://www.ifw-kiel.de/publications/ukraine-support-tracker-data-20758/
2022,GRC,191837408.3934,Ukraine Military Aid,Kiel Ukraine Tracker,https://www.ifw-kiel.de/publications/ukraine-support-tracker-data-20758/
2022,HRV,6803695.9032000005,Ukraine Humanitarian Aid,Kiel Ukraine Tracker,https://www.ifw-kiel.de/publications/ukraine-support-tracker-data-20758/
2022,HRV,84127529.3985,Ukraine Military Aid,Kiel Ukraine Tracker,https://www.ifw-kiel.de/publications/ukraine-support-tracker-data-20758/
2022,HUN,50069281.2438,Ukraine Humanitarian Aid,Kiel Ukraine Tracker,https://www.ifw-kiel.de/publications/ukraine-support-tracker-data-20758/
2022,IND,1947249.9669,Ukraine Humanitarian Aid,Kiel Ukraine Tracker,https://www.ifw-kiel.de/publications/ukraine-support-tracker-data-20758/
2022,IRL,26407500,Ukraine Financial Aid,Kiel Ukraine Tracker,https://www.ifw-kiel.de/publications/ukraine-support-tracker-data-20758/
2022,IRL,25919036.2473,Ukraine Humanitarian Aid,Kiel Ukraine Tracker,https://www.ifw-kiel.de/publications/ukraine-support-tracker-data-20758/
2022,ISL,1874662.0872,Ukraine Financial Aid,Kiel Ukraine Tracker,https://www.ifw-kiel.de/publications/ukraine-support-tracker-data-20758/
2022,ISL,4614553.2363,Ukraine Humanitarian Aid,Kiel Ukraine Tracker,https://www.ifw-kiel.de/publications/ukraine-support-tracker-data-20758/
2022,ISL,922080.1842,Ukraine Military Aid,Kiel Ukraine Tracker,https://www.ifw-kiel.de/publications/ukraine-support-tracker-data-20758/
2022,ITA,327453000,Ukraine Financial Aid,Kiel Ukraine Tracker,https://www.ifw-kiel.de/publications/ukraine-support-tracker-data-20758/
2022,ITA,54987584.108100004,Ukraine Humanitarian Aid,Kiel Ukraine Tracker,https://www.ifw-kiel.de/publications/ukraine-support-tracker-data-20758/
2022,ITA,336543783.9876,Ukraine Military Aid,Kiel Ukraine Tracker,https://www.ifw-kiel.de/publications/ukraine-support-tracker-data-20758/
2022,JPN,600000000.2787,Ukraine Financial Aid,Kiel Ukraine Tracker,https://www.ifw-kiel.de/publications/ukraine-support-tracker-data-20758/
2022,JPN,615070369.6977,Ukraine Humanitarian Aid,Kiel Ukraine Tracker,https://www.ifw-kiel.de/publications/ukraine-support-tracker-data-20758/
2022,JPN,2451999.753,Ukraine Military Aid,Kiel Ukraine Tracker,https://www.ifw-kiel.de/publications/ukraine-support-tracker-data-20758/
2022,KOR,99999999.1662,Ukraine Humanitarian Aid,Kiel Ukraine Tracker,https://www.ifw-kiel.de/publications/ukraine-support-tracker-data-20758/
2022,KOR,3580000.3407,Ukraine Military Aid,Kiel Ukraine Tracker,https://www.ifw-kiel.de/publications/ukraine-support-tracker-data-20758/
2022,LTU,21126000,Ukraine Financial Aid,Kiel Ukraine Tracker,https://www.ifw-kiel.de/publications/ukraine-support-tracker-data-20758/
2022,LTU,64434300,Ukraine Humanitarian Aid,Kiel Ukraine Tracker,https://www.ifw-kiel.de/publications/ukraine-support-tracker-data-20758/
2022,LTU,295763998.9437,Ukraine Military Aid,Kiel Ukraine Tracker,https://www.ifw-kiel.de/publications/ukraine-support-tracker-data-20758/
2022,LUX,4225200,Ukraine Humanitarian Aid,Kiel Ukraine Tracker,https://www.ifw-kiel.de/publications/ukraine-support-tracker-data-20758/
2022,LUX,79239338.4783,Ukraine Military Aid,Kiel Ukraine Tracker,https://www.ifw-kiel.de/publications/ukraine-support-tracker-data-20758/
2022,LVA,15844500,Ukraine Financial Aid,Kiel Ukraine Tracker,https://www.ifw-kiel.de/publications/ukraine-support-tracker-data-20758/
2022,LVA,4744955.5839,Ukraine Humanitarian Aid,Kiel Ukraine Tracker,https://www.ifw-kiel.de/publications/ukraine-support-tracker-data-20758/
2022,LVA,311316163.6935,Ukraine Military Aid,Kiel Ukraine Tracker,https://www.ifw-kiel.de/publications/ukraine-support-tracker-data-20758/
2022,MLT,1795710,Ukraine Humanitarian Aid,Kiel Ukraine Tracker,https://www.ifw-kiel.de/publications/ukraine-support-tracker-data-20758/
2022,NLD,1049308050.3108001,Ukraine Financial Aid,Kiel Ukraine Tracker,https://www.ifw-kiel.de/publications/ukraine-support-tracker-data-20758/
2022,NLD,620064800.103,Ukraine Humanitarian Aid,Kiel Ukraine Tracker,https://www.ifw-kiel.de/publications/ukraine-support-tracker-data-20758/
2022,NLD,2623321050,Ukraine Military Aid,Kiel Ukraine Tracker,https://www.ifw-kiel.de/publications/ukraine-support-tracker-data-20758/
2022,NOR,304307128.3518,Ukraine Financial Aid,Kiel Ukraine Tracker,https://www.ifw-kiel.de/publications/ukraine-support-tracker-data-20758/
2022,NOR,161237358.6264,Ukraine Humanitarian Aid,Kiel Ukraine Tracker,https://www.ifw-kiel.de/publications/ukraine-support-tracker-data-20758/
2022,NOR,398778593.8059,Ukraine Military Aid,Kiel Ukraine Tracker,https://www.ifw-kiel.de/publications/ukraine-support-tracker-data-20758/
2022,NZL,4127094.0249,Ukraine Humanitarian Aid,Kiel Ukraine Tracker,https://www.ifw-kiel.de/publications/ukraine-support-tracker-data-20758/
2022,NZL,16030809.1377,Ukraine Military Aid,Kiel Ukraine Tracker,https://www.ifw-kiel.de/publications/ukraine-support-tracker-data-20758/
2022,POL,1012874856.3192,Ukraine Financial Aid,Kiel Ukraine Tracker,https://www.ifw-kiel.de/publications/ukraine-support-tracker-data-20758/
2022,POL,360987435.3225,Ukraine Humanitarian Aid,Kiel Ukraine Tracker,https://www.ifw-kiel.de/publications/ukraine-support-tracker-data-20758/
2022,POL,2394646092.8061,Ukraine Military Aid,Kiel Ukraine Tracker,https://www.ifw-kiel.de/publications/ukraine-support-tracker-data-20758/
2022,PRT,264075000,Ukraine Financial Aid,Kiel Ukraine Tracker,https://www.ifw-kiel.de/publications/ukraine-support-tracker-data-20758/
2022,PRT,1815375.1371,Ukraine Humanitarian Aid,Kiel Ukraine Tracker,https://www.ifw-kiel.de/publications/ukraine-support-tracker-data-20758/
2022,PRT,49102454.079,Ukraine Military Aid,Kiel Ukraine Tracker,https://www.ifw-kiel.de/publications/ukraine-support-tracker-data-20758/
2022,ROU,8471954.8578,Ukraine Humanitarian Aid,Kiel Ukraine Tracker,https://www.ifw-kiel.de/publications/ukraine-support-tracker-data-20758/
2022,ROU,3568899.684,Ukraine Military Aid,Kiel Ukraine Tracker,https://www.ifw-kiel.de/publications/ukraine-support-tracker-data-20758/
2022,SVK,9506700,Ukraine Humanitarian Aid,Kiel Ukraine Tracker,https://www.ifw-kiel.de/publications/ukraine-support-tracker-data-20758/
2022,SVK,226612595.8782,Ukraine Military Aid,Kiel Ukraine Tracker,https://www.ifw-kiel.de/publications/ukraine-support-tracker-data-20758/
2022,SVN,4942089.684,Ukraine Humanitarian Aid,Kiel Ukraine Tracker,https://www.ifw-kiel.de/publications/ukraine-support-tracker-data-20758/
2022,SVN,58931980.485,Ukraine Military Aid,Kiel Ukraine Tracker,https://www.ifw-kiel.de/publications/ukraine-support-tracker-data-20758/
2022,SWE,208934442.5259,Ukraine Financial Aid,Kiel Ukraine Tracker,https://www.ifw-kiel.de/publications/ukraine-support-tracker-data-20758/
2022,SWE,106789718.1078,Ukraine Humanitarian Aid,Kiel Ukraine Tracker,https://www.ifw-kiel.de/publications/ukraine-support-tracker-data-20758/
2022,SWE,533056401.5322,Ukraine Military Aid,Kiel Ukraine Tracker,https://www.ifw-kiel.de/publications/ukraine-support-tracker-data-20758/
2022,TUR,5011681.8969,Ukraine Humanitarian Aid,Kiel Ukraine Tracker,https://www.ifw-kiel.de/publications/ukraine-support-tracker-data-20758/
2022,TUR,67094000.022,Ukraine Military Aid,Kiel Ukraine Tracker,https://www.ifw-kiel.de/publications/ukraine-support-tracker-data-20758/
2022,TWN,68499997.6437,Ukraine Humanitarian Aid,Kiel Ukraine Tracker,https://www.ifw-kiel.de/publications/ukraine-support-tracker-data-20758/
2022,USA,26370000000.0486,Ukraine Financial Aid,Kiel Ukraine Tracker,https://www.ifw-kiel.de/publications/ukraine-support-tracker-data-20758/
2022,USA,2706341522.0709,Ukraine Humanitarian Aid,Kiel Ukraine Tracker,https://www.ifw-kiel.de/publications/ukraine-support-tracker-data-20758/
2022,USA,46325600000.4021,Ukraine Military Aid,Kiel Ukraine Tracker,https://www.ifw-kiel.de/publications/ukraine-support-tracker-data-20758/
2023,AUS,6116538.324384514,Ukraine Humanitarian Aid,Kiel Ukraine Tracker,https://www.ifw-kiel.de/publications/ukraine-support-tracker-data-20758/
2023,AUS,93583036.66836563,Ukraine Military Aid,Kiel Ukraine Tracker,https://www.ifw-kiel.de/publications/ukraine-support-tracker-data-20758/
2023,AUT,31902300.869632985,Ukraine Humanitarian Aid,Kiel Ukraine Tracker,https://www.ifw-kiel.de/publications/ukraine-support-tracker-data-20758/
2023,BEL,9667280.641012449,Ukraine Financial Aid,Kiel Ukraine Tracker,https://www.ifw-kiel.de/publications/ukraine-support-tracker-data-20758/
2023,BEL,41630363.26566519,Ukraine Humanitarian Aid,Kiel Ukraine Tracker,https://www.ifw-kiel.de/publications/ukraine-support-tracker-data-20758/
2023,BEL,161787654.38139793,Ukraine Military Aid,Kiel Ukraine Tracker,https://www.ifw-kiel.de/publications/ukraine-support-tracker-data-20758/
2023,BGR,170956.19085566414,Ukraine Humanitarian Aid,Kiel Ukraine Tracker,https://www.ifw-kiel.de/publications/ukraine-support-tracker-data-20758/
2023,BGR,16253035.186631585,Ukraine Military Aid,Kiel Ukraine Tracker,https://www.ifw-kiel.de/publications/ukraine-support-tracker-data-20758/
2023,CAN,1687343078.4790735,Ukraine Financial Aid,Kiel Ukraine Tracker,https://www.ifw-kiel.de/publications/ukraine-support-tracker-data-20758/
2023,CAN,7733655.5898008635,Ukraine Humanitarian Aid,Kiel Ukraine Tracker,https://www.ifw-kiel.de/publications/ukraine-support-tracker-data-20758/
2023,CAN,1082040342.1040037,Ukraine Military Aid,Kiel Ukraine Tracker,https://www.ifw-kiel.de/publications/ukraine-support-tracker-data-20758/
2023,CHE,7378206.979975142,Ukraine Financial Aid,Kiel Ukraine Tracker,https://www.ifw-kiel.de/publications/ukraine-support-tracker-data-20758/
2023,CHE,1998742917.409636,Ukraine Humanitarian Aid,Kiel Ukraine Tracker,https://www.ifw-kiel.de/publications/ukraine-support-tracker-data-20758/
2023,CHN,203521.69770552524,Ukraine Humanitarian Aid,Kiel Ukraine Tracker,https://www.ifw-kiel.de/publications/ukraine-support-tracker-data-20758/
2023,CYP,0,Ukraine Financial Aid,Kiel Ukraine Tracker,https://www.ifw-kiel.de/publications/ukraine-support-tracker-data-20758/
2023,CYP,0,Ukraine Humanitarian Aid,Kiel Ukraine Tracker,https://www.ifw-kiel.de/publications/ukraine-support-tracker-data-20758/
2023,CYP,0,Ukraine Military Aid,Kiel Ukraine Tracker,https://www.ifw-kiel.de/publications/ukraine-support-tracker-data-20758/
2023,CZE,272184111.01972544,Ukraine Humanitarian Aid,Kiel Ukraine Tracker,https://www.ifw-kiel.de/publications/ukraine-support-tracker-data-20758/
2023,CZE,655245601.4670651,Ukraine Military Aid,Kiel Ukraine Tracker,https://www.ifw-kiel.de/publications/ukraine-support-tracker-data-20758/
2023,DEU,903469450.0204136,Ukraine Humanitarian Aid,Kiel Ukraine Tracker,https://www.ifw-kiel.de/publications/ukraine-support-tracker-data-20758/
2023,DEU,17319492953.042492,Ukraine Military Aid,Kiel Ukraine Tracker,https://www.ifw-kiel.de/publications/ukraine-support-tracker-data-20758/
2023,DNK,0,Ukraine Financial Aid,Kiel Ukraine Tracker,https://www.ifw-kiel.de/publications/ukraine-support-tracker-data-20758/
2023,DNK,163681596.7719909,Ukraine Humanitarian Aid,Kiel Ukraine Tracker,https://www.ifw-kiel.de/publications/ukraine-support-tracker-data-20758/
2023,DNK,2987189144.1416593,Ukraine Military Aid,Kiel Ukraine Tracker,https://www.ifw-kiel.de/publications/ukraine-support-tracker-data-20758/
2023,ESP,177572681.24807078,Ukraine Financial Aid,Kiel Ukraine Tracker,https://www.ifw-kiel.de/publications/ukraine-support-tracker-data-20758/
2023,ESP,5548053.377485533,Ukraine Humanitarian Aid,Kiel Ukraine Tracker,https://www.ifw-kiel.de/publications/ukraine-support-tracker-data-20758/
2023,ESP,28259862.869712315,Ukraine Military Aid,Kiel Ukraine Tracker,https://www.ifw-kiel.de/publications/ukraine-support-tracker-data-20758/
2023,EST,0,Ukraine Financial Aid,Kiel Ukraine Tracker,https://www.ifw-kiel.de/publications/ukraine-support-tracker-data-20758/
2023,EST,28391276.829920772,Ukraine Humanitarian Aid,Kiel Ukraine Tracker,https://www.ifw-kiel.de/publications/ukraine-support-tracker-data-20758/
2023,EST,124422246.02046776,Ukraine Military Aid,Kiel Ukraine Tracker,https://www.ifw-kiel.de/publications/ukraine-support-tracker-data-20758/
2023,EU,50427588648.98652,Ukraine Financial Aid,Kiel Ukraine Tracker,https://www.ifw-kiel.de/publications/ukraine-support-tracker-data-20758/
2023,EU,549508583.8049182,Ukraine Humanitarian Aid,Kiel Ukraine Tracker,https://www.ifw-kiel.de/publications/ukraine-support-tracker-data-20758/
2023,EUIB,0,Ukraine Financial Aid,Kiel Ukraine Tracker,https://www.ifw-kiel.de/publications/ukraine-support-tracker-data-20758/
2023,EUPF,2544021221.3190656,Ukraine Military Aid,Kiel Ukraine Tracker,https://www.ifw-kiel.de/publications/ukraine-support-tracker-data-20758/
2023,FIN,19843365.52628871,Ukraine Financial Aid,Kiel Ukraine Tracker,https://www.ifw-kiel.de/publications/ukraine-support-tracker-data-20758/
2023,FIN,89964856.41959447,Ukraine Humanitarian Aid,Kiel Ukraine Tracker,https://www.ifw-kiel.de/publications/ukraine-support-tracker-data-20758/
2023,FIN,1223165403.2102067,Ukraine Military Aid,Kiel Ukraine Tracker,https://www.ifw-kiel.de/publications/ukraine-support-tracker-data-20758/
2023,FRA,101760848.85276262,Ukraine Financial Aid,Kiel Ukraine Tracker,https://www.ifw-kiel.de/publications/ukraine-support-tracker-data-20758/
2023,FRA,42739556.5181603,Ukraine Humanitarian Aid,Kiel Ukraine Tracker,https://www.ifw-kiel.de/publications/ukraine-support-tracker-data-20758/
2023,FRA,65894556.894527614,Ukraine Military Aid,Kiel Ukraine Tracker,https://www.ifw-kiel.de/publications/ukraine-support-tracker-data-20758/
2023,GBR,3115210460.741092,Ukraine Financial Aid,Kiel Ukraine Tracker,https://www.ifw-kiel.de/publications/ukraine-support-tracker-data-20758/
2023,GBR,351232703.65013486,Ukraine Humanitarian Aid,Kiel Ukraine Tracker,https://www.ifw-kiel.de/publications/ukraine-support-tracker-data-20758/
2023,GBR,2696490153.442201,Ukraine Military Aid,Kiel Ukraine Tracker,https://www.ifw-kiel.de/publications/ukraine-support-tracker-data-20758/
2023,GRC,0,Ukraine Financial Aid,Kiel Ukraine Tracker,https://www.ifw-kiel.de/publications/ukraine-support-tracker-data-20758/
2023,GRC,10819472.940190297,Ukraine Military Aid,Kiel Ukraine Tracker,https://www.ifw-kiel.de/publications/ukraine-support-tracker-data-20758/
2023,HRV,0,Ukraine Financial Aid,Kiel Ukraine Tracker,https://www.ifw-kiel.de/publications/ukraine-support-tracker-data-20758/
2023,HRV,80959848.61182615,Ukraine Humanitarian Aid,Kiel Ukraine Tracker,https://www.ifw-kiel.de/publications/ukraine-support-tracker-data-20758/
2023,HRV,112299614.49139258,Ukraine Military Aid,Kiel Ukraine Tracker,https://www.ifw-kiel.de/publications/ukraine-support-tracker-data-20758/
2023,HUN,6903455.986171417,Ukraine Humanitarian Aid,Kiel Ukraine Tracker,https://www.ifw-kiel.de/publications/ukraine-support-tracker-data-20758/
2023,IND,0,Ukraine Humanitarian Aid,Kiel Ukraine Tracker,https://www.ifw-kiel.de/publications/ukraine-support-tracker-data-20758/
2023,IRL,15264127.327914394,Ukraine Financial Aid,Kiel Ukraine Tracker,https://www.ifw-kiel.de/publications/ukraine-support-tracker-data-20758/
2023,IRL,52152435.037040845,Ukraine Humanitarian Aid,Kiel Ukraine Tracker,https://www.ifw-kiel.de/publications/ukraine-support-tracker-data-20758/
2023,IRL,3917792.680831361,Ukraine Military Aid,Kiel Ukraine Tracker,https://www.ifw-kiel.de/publications/ukraine-support-tracker-data-20758/
2023,ISL,8022783.601603776,Ukraine Financial Aid,Kiel Ukraine Tracker,https://www.ifw-kiel.de/publications/ukraine-support-tracker-data-20758/
2023,ISL,7085055.344208591,Ukraine Humanitarian Aid,Kiel Ukraine Tracker,https://www.ifw-kiel.de/publications/ukraine-support-tracker-data-20758/
2023,ISL,23981523.360527705,Ukraine Military Aid,Kiel Ukraine Tracker,https://www.ifw-kiel.de/publications/ukraine-support-tracker-data-20758/
2023,ITA,101760848.85276262,Ukraine Financial Aid,Kiel Ukraine Tracker,https://www.ifw-kiel.de/publications/ukraine-support-tracker-data-20758/
2023,ITA,172993443.04969648,Ukraine Humanitarian Aid,Kiel Ukraine Tracker,https://www.ifw-kiel.de/publications/ukraine-support-tracker-data-20758/
2023,ITA,379388508.9286358,Ukraine Military Aid,Kiel Ukraine Tracker,https://www.ifw-kiel.de/publications/ukraine-support-tracker-data-20758/
2023,JPN,5271131046.275662,Ukraine Financial Aid,Kiel Ukraine Tracker,https://www.ifw-kiel.de/publications/ukraine-support-tracker-data-20758/
2023,JPN,461501402.59555316,Ukraine Humanitarian Aid,Kiel Ukraine Tracker,https://www.ifw-kiel.de/publications/ukraine-support-tracker-data-20758/
2023,JPN,28901121.070059862,Ukraine Military Aid,Kiel Ukraine Tracker,https://www.ifw-kiel.de/publications/ukraine-support-tracker-data-20758/
2023,KOR,298644921.455183,Ukraine Financial Aid,Kiel Ukraine Tracker,https://www.ifw-kiel.de/publications/ukraine-support-tracker-data-20758/
2023,KOR,144505607.38551626,Ukraine Humanitarian Aid,Kiel Ukraine Tracker,https://www.ifw-kiel.de/publications/ukraine-support-tracker-data-20758/
2023,LTU,21878582.503343966,Ukraine Financial Aid,Kiel Ukraine Tracker,https://www.ifw-kiel.de/publications/ukraine-support-tracker-data-20758/
2023,LTU,7103563.607397932,Ukraine Humanitarian Aid,Kiel Ukraine Tracker,https://www.ifw-kiel.de/publications/ukraine-support-tracker-data-20758/
2023,LTU,490969498.48151505,Ukraine Military Aid,Kiel Ukraine Tracker,https://www.ifw-kiel.de/publications/ukraine-support-tracker-data-20758/
2023,LUX,1322891.0350859142,Ukraine Financial Aid,Kiel Ukraine Tracker,https://www.ifw-kiel.de/publications/ukraine-support-tracker-data-20758/
2023,LUX,14042997.141681243,Ukraine Humanitarian Aid,Kiel Ukraine Tracker,https://www.ifw-kiel.de/publications/ukraine-support-tracker-data-20758/
2023,LUX,35209253.703055866,Ukraine Military Aid,Kiel Ukraine Tracker,https://www.ifw-kiel.de/publications/ukraine-support-tracker-data-20758/
2023,LVA,17299344.304969646,Ukraine Financial Aid,Kiel Ukraine Tracker,https://www.ifw-kiel.de/publications/ukraine-support-tracker-data-20758/
2023,LVA,3184039.974527585,Ukraine Humanitarian Aid,Kiel Ukraine Tracker,https://www.ifw-kiel.de/publications/ukraine-support-tracker-data-20758/
2023,LVA,77913750.55596094,Ukraine Military Aid,Kiel Ukraine Tracker,https://www.ifw-kiel.de/publications/ukraine-support-tracker-data-20758/
2023,MLT,376515.1407552217,Ukraine Humanitarian Aid,Kiel Ukraine Tracker,https://www.ifw-kiel.de/publications/ukraine-support-tracker-data-20758/
2023,NLD,105322478.56260931,Ukraine Financial Aid,Kiel Ukraine Tracker,https://www.ifw-kiel.de/publications/ukraine-support-tracker-data-20758/
2023,NLD,0,Ukraine Humanitarian Aid,Kiel Ukraine Tracker,https://www.ifw-kiel.de/publications/ukraine-support-tracker-data-20758/
2023,NLD,0,Ukraine Military Aid,Kiel Ukraine Tracker,https://www.ifw-kiel.de/publications/ukraine-support-tracker-data-20758/
2023,NOR,3251019515.7686653,Ukraine Financial Aid,Kiel Ukraine Tracker,https://www.ifw-kiel.de/publications/ukraine-support-tracker-data-20758/
2023,NOR,45303393.62957647,Ukraine Humanitarian Aid,Kiel Ukraine Tracker,https://www.ifw-kiel.de/publications/ukraine-support-tracker-data-20758/
2023,NOR,3282960891.7866497,Ukraine Military Aid,Kiel Ukraine Tracker,https://www.ifw-kiel.de/publications/ukraine-support-tracker-data-20758/
2023,NZL,21981160.491813015,Ukraine Humanitarian Aid,Kiel Ukraine Tracker,https://www.ifw-kiel.de/publications/ukraine-support-tracker-data-20758/
2023,NZL,425991.2654674349,Ukraine Military Aid,Kiel Ukraine Tracker,https://www.ifw-kiel.de/publications/ukraine-support-tracker-data-20758/
2023,POL,4879293.290127039,Ukraine Humanitarian Aid,Kiel Ukraine Tracker,https://www.ifw-kiel.de/publications/ukraine-support-tracker-data-20758/
2023,POL,782086517.6600181,Ukraine Military Aid,Kiel Ukraine Tracker,https://www.ifw-kiel.de/publications/ukraine-support-tracker-data-20758/
2023,PRT,41245007.14236164,Ukraine Military Aid,Kiel Ukraine Tracker,https://www.ifw-kiel.de/publications/ukraine-support-tracker-data-20758/
2023,ROU,116135424.56195419,Ukraine Humanitarian Aid,Kiel Ukraine Tracker,https://www.ifw-kiel.de/publications/ukraine-support-tracker-data-20758/
2023,ROU,799598.0811624447,Ukraine Military Aid,Kiel Ukraine Tracker,https://www.ifw-kiel.de/publications/ukraine-support-tracker-data-20758/
2023,SVK,5088042.442638131,Ukraine Financial Aid,Kiel Ukraine Tracker,https://www.ifw-kiel.de/publications/ukraine-support-tracker-data-20758/
2023,SVK,1872399.6188908322,Ukraine Humanitarian Aid,Kiel Ukraine Tracker,https://www.ifw-kiel.de/publications/ukraine-support-tracker-data-20758/
2023,SVK,473810876.2015984,Ukraine Military Aid,Kiel Ukraine Tracker,https://www.ifw-kiel.de/publications/ukraine-support-tracker-data-20758/
2023,SVN,508575.28235389444,Ukraine Humanitarian Aid,Kiel Ukraine Tracker,https://www.ifw-kiel.de/publications/ukraine-support-tracker-data-20758/
2023,SVN,10019055.684194587,Ukraine Military Aid,Kiel Ukraine Tracker,https://www.ifw-kiel.de/publications/ukraine-support-tracker-data-20758/
2023,SWE,595248160.0489746,Ukraine Humanitarian Aid,Kiel Ukraine Tracker,https://www.ifw-kiel.de/publications/ukraine-support-tracker-data-20758/
2023,SWE,1653421579.8252118,Ukraine Military Aid,Kiel Ukraine Tracker,https://www.ifw-kiel.de/publications/ukraine-support-tracker-data-20758/
2023,TWN,0,Ukraine Humanitarian Aid,Kiel Ukraine Tracker,https://www.ifw-kiel.de/publications/ukraine-support-tracker-data-20758/
2023,USA,0,Ukraine Military Aid,Kiel Ukraine Tracker,https://www.ifw-kiel.de/publications/ukraine-support-tracker-data-20758/
